Identifier,DateOfBirth,Gender,Income,CreditScore,LoanAmount,EmploymentStatus,MaritalStatus,OccupancyStatus,NumDependents,SocialMediaUsageHours,ShoppingFrequencyPerMonth,HealthInsuranceStatus
ID_0001,06/01/1964,Female,96534,,44116,Unemployed,Single,Owner,3,21,9,Yes
ID_0002,26/11/2004,Male,75106,390,9782,Unemployed,,Owner,2,9,10,No
ID_0003,02/07/1992,Male,50678,779,38650,Student,Divorced,Owner,3,16,5,Yes
ID_0004,03/07/1974,Male,96218,757,22366,Student,Single,Owner,1,21,0,No
ID_0005,13/05/1976,Male,83230,750,28557,Employed,Single,Owner,1,11,5,No
ID_0006,08/02/1990,Male,94055,664,5798,Employed,Married,Renter,4,19,4,No
ID_0007,15/02/1961,,76373,650,9627,Unemployed,Divorced,Renter,2,11,6,Yes
ID_0008,21/02/1995,Female,51480,699,41183,Unemployed,Widowed,Owner,0,15,21,Yes
ID_0009,09/10/1967,Female,88836,552,12466,Employed,Married,Owner,2,4,11,No
ID_0010,24/02/1976,Male,92258,758,42614,Employed,Divorced,Renter,2,15,11,No
ID_0011,23/05/1963,Female,59986,798,12720,Retired,Divorced,Renter,2,16,6,No
ID_0012,22/06/1984,Female,44160,807,41913,Retired,Widowed,Renter,4,,1,No
ID_0013,24/08/2002,Male,99111,603,37292,Unemployed,Married,Renter,1,14,27,No
ID_0014,25/02/2005,Female,84929,800,6559,Retired,Married,Renter,0,12,0,No
ID_0015,06/08/2000,Male,93506,465,40388,Employed,Widowed,Renter,2,,29,No
ID_0016,19/09/1992,Male,54911,714,19158,Unemployed,Married,Renter,0,20,22,
ID_0017,06/06/1993,Female,51821,761,30916,Student,Single,Renter,2,1,24,Yes
ID_0018,06/09/1989,Male,95039,413,22057,Student,Widowed,Owner,,7,17,
ID_0019,28/02/1959,Male,80535,732,35892,Employed,Divorced,Renter,0,9,11,Yes
ID_0020,30/09/1989,Male,32175,655,41439,Retired,Widowed,Owner,3,6,6,Yes
ID_0021,14/07/1983,Male,74771,506,11706,Student,Single,Renter,1,9,18,No
ID_0022,26/05/1955,Male,86358,534,12070,Retired,Widowed,Renter,0,3,21,Yes
ID_0023,18/10/1956,Male,37327,,40902,Student,Divorced,Renter,2,10,2,Yes
ID_0024,27/09/1999,Male,67057,654,924,Retired,Divorced,Renter,2,8,28,No
ID_0025,28/09/2006,Male,26150,814,26478,Student,Widowed,Renter,1,3,9,Yes
ID_0026,12/01/1999,Female,24425,,5506,Student,Widowed,Owner,,2,28,Yes
ID_0027,22/01/2002,Female,36032,424,46418,Unemployed,Single,Renter,2,10,26,Yes
ID_0028,16/10/2003,Female,22198,437,35163,Unemployed,Single,Owner,0,2,26,Yes
ID_0029,21/03/1958,Male,80500,638,24604,Employed,Divorced,Owner,3,17,10,Yes
ID_0030,24/01/1976,Male,73394,836,15310,Student,Married,Renter,4,18,4,No
ID_0031,10/07/1997,Female,40079,367,8226,Retired,Married,Owner,1,13,1,No
ID_0032,10/08/1996,Female,56220,840,11781,Student,Married,Renter,2,23,7,No
ID_0033,23/01/1983,Female,61874,682,5515,,Married,Renter,,10,13,Yes
ID_0034,22/07/1967,Male,33859,318,36133,Retired,Divorced,Renter,1,23,7,Yes
ID_0035,01/03/1978,Female,70460,749,16972,Student,Married,Owner,0,1,22,Yes
ID_0036,10/03/1983,Female,51419,373,32092,Retired,Married,Renter,1,1,5,No
ID_0037,12/05/1978,Male,28705,575,11410,Employed,Widowed,Owner,2,1,0,
ID_0038,10/03/1979,Female,62880,347,,,Married,Renter,0,9,23,Yes
ID_0039,03/03/1984,,43236,510,9095,Retired,Widowed,Renter,2,22,0,Yes
ID_0040,30/03/1979,Male,35358,839,23047,,Divorced,Owner,0,14,7,Yes
ID_0041,05/02/1977,,96918,490,20470,Unemployed,Widowed,Owner,1,21,10,No
ID_0042,09/02/2000,Female,34596,614,43129,Employed,Single,Owner,4,11,17,
ID_0043,14/01/1964,Female,53572,412,8531,Retired,Widowed,Owner,4,10,23,Yes
ID_0044,12/04/1960,Male,98757,469,37038,Retired,Married,Owner,3,16,9,No
ID_0045,03/11/1973,,21279,767,22403,Unemployed,Widowed,Owner,3,17,11,No
ID_0046,,Female,83197,313,42674,Retired,Widowed,Renter,2,13,19,No
ID_0047,13/06/1967,Female,82516,587,29122,Student,Divorced,Owner,0,16,22,Yes
ID_0048,18/08/1998,Female,27083,488,16940,Unemployed,Divorced,Renter,3,14,15,No
ID_0049,02/12/2002,Male,37771,454,29831,Unemployed,Married,Renter,1,11,4,No
ID_0050,18/06/1996,Female,49975,770,11279,Retired,,,4,15,15,Yes
ID_0051,18/06/2004,Male,65648,374,,Employed,Single,Renter,0,22,23,No
ID_0052,10/05/1975,Male,68285,576,6477,Employed,Widowed,Renter,4,5,11,No
ID_0053,04/09/1977,Female,39063,642,17400,Employed,Single,,0,,5,No
ID_0054,11/07/1970,Male,87642,724,6470,,Divorced,Renter,3,1,29,Yes
ID_0055,21/05/1985,Female,57599,810,2062,Unemployed,Married,Renter,3,15,4,Yes
ID_0056,21/09/1980,Female,71920,481,41798,Unemployed,Married,Renter,2,1,0,No
ID_0057,11/09/1971,Male,48529,757,19880,Retired,Divorced,Owner,0,7,18,Yes
ID_0058,10/06/1988,Male,55954,363,34581,Employed,Married,Owner,1,6,9,Yes
ID_0059,21/09/1991,Male,47856,559,44439,Employed,Widowed,Owner,3,0,24,Yes
ID_0060,26/10/2006,Male,22573,492,14308,Retired,Married,Owner,2,3,13,No
ID_0061,30/06/1995,Female,98344,705,26027,Retired,,Renter,3,10,24,No
ID_0061,30/06/1995,Female,98344,705,26027,Retired,,Renter,3,10,24,No
ID_0062,14/07/2004,Female,55367,392,30720,Retired,Married,Owner,4,19,20,Yes
ID_0063,06/09/1975,Female,80774,729,35081,Student,Married,,3,,,No
ID_0064,16/05/1986,Male,43752,,9706,Retired,Divorced,Owner,0,17,5,Yes
ID_0065,23/06/2004,Male,75029,703,9837,Retired,Divorced,Owner,2,3,4,
ID_0066,28/11/1983,,37685,733,38599,Student,Single,Owner,0,16,16,No
ID_0067,31/12/1959,Female,71693,411,36824,Employed,Divorced,Owner,1,10,17,Yes
ID_0068,19/11/1981,Male,75961,674,33073,Unemployed,Single,Renter,1,10,11,Yes
ID_0069,24/11/1973,Female,96908,358,47115,,Widowed,Owner,3,19,4,Yes
ID_0070,04/12/1989,Male,94532,342,32088,Unemployed,Single,Renter,2,10,29,Yes
ID_0071,,Female,76133,506,28112,Unemployed,Married,Renter,2,14,8,No
ID_0072,11/07/1987,Female,81268,595,26299,Retired,Single,Renter,2,,,Yes
ID_0073,24/10/1992,Male,58243,417,34457,Retired,Widowed,Renter,2,16,19,No
ID_0074,03/10/1956,Male,77384,831,30063,Student,Married,Renter,3,1,8,Yes
ID_0075,24/03/1962,Female,51653,521,,Employed,Single,Renter,0,17,,No
ID_0076,11/11/1962,Female,46657,465,2936,,Divorced,Renter,3,,0,Yes
ID_0077,04/05/1985,Male,59952,455,36630,Unemployed,Divorced,Owner,0,11,21,Yes
ID_0078,24/03/2000,Male,42180,483,14506,Retired,Divorced,Renter,4,9,14,No
ID_0079,16/09/2001,Female,98411,389,28805,Retired,Single,Owner,4,15,9,
ID_0080,18/11/1999,Male,21622,393,14318,Employed,Single,,0,2,13,Yes
ID_0081,13/01/1965,,68756,312,48068,Student,Widowed,Renter,3,7,6,Yes
ID_0082,11/11/1992,Female,60809,737,26026,Retired,Married,Renter,1,21,3,Yes
ID_0083,25/10/1988,Male,36725,837,27672,Student,Married,Owner,3,21,25,Yes
ID_0084,10/03/2006,Male,81396,,,Employed,Married,Owner,1,23,4,Yes
ID_0085,19/12/1968,Male,71226,307,27281,Employed,Married,Renter,3,,19,No
ID_0086,31/07/1972,Male,49402,328,48442,Student,,Renter,2,21,15,No
ID_0087,16/02/1991,Male,24263,595,28091,Retired,Single,Owner,2,0,2,Yes
ID_0088,05/07/1997,Female,66828,639,38328,Employed,Widowed,,4,,16,No
ID_0089,30/04/1990,Female,67924,738,48219,,Married,Renter,4,3,12,No
ID_0090,13/04/1984,Male,94182,443,,Employed,,Owner,0,3,5,Yes
ID_0091,26/06/1971,Male,79052,818,1079,Retired,Single,,1,8,25,No
ID_0092,19/06/1965,Male,31664,344,,Unemployed,Single,Renter,2,2,4,Yes
ID_0093,16/07/2000,Female,55737,538,46751,Employed,Single,Owner,3,4,15,No
ID_0094,07/11/1974,Male,,454,20590,Retired,Married,Renter,0,0,10,
ID_0095,27/10/1968,,56397,480,30951,Retired,Married,Renter,3,21,16,No
ID_0096,28/03/1977,Female,58709,514,15327,Employed,Single,Renter,2,18,4,No
ID_0097,13/07/1980,Female,81120,387,12755,Retired,Divorced,Owner,2,0,5,No
ID_0098,01/06/1993,Male,39250,555,7235,Student,Widowed,Renter,2,9,9,Yes
ID_0099,02/05/1966,Male,41172,810,17197,Unemployed,Married,Owner,2,,20,No
ID_0099,02/05/1966,Male,41172,810,17197,Unemployed,Married,Owner,2,,20,No
ID_0100,20/01/1985,,31555,372,21473,Student,Married,Renter,3,,0,Yes
ID_0101,20/07/1969,Female,98617,478,2031,Employed,Divorced,Renter,0,9,29,No
ID_0102,03/08/1959,,73276,511,41282,Student,Married,Owner,2,1,20,No
ID_0103,19/11/2005,Male,77492,533,41863,Employed,Divorced,Owner,4,15,9,No
ID_0104,04/05/1988,Male,73002,764,14287,Employed,Divorced,,0,7,16,Yes
ID_0105,12/07/1972,Female,92355,522,38679,Retired,Single,Renter,4,,26,No
ID_0106,11/09/2006,Female,44762,563,44463,Retired,Married,Owner,3,14,2,No
ID_0107,04/05/1958,Male,31046,506,32230,Employed,Widowed,Renter,2,15,27,Yes
ID_0108,20/08/1963,Male,48769,665,19037,Unemployed,,Owner,0,10,28,Yes
ID_0109,15/01/1960,,,575,27052,,Widowed,Renter,2,11,1,
ID_0109,15/01/1960,,,575,27052,,Widowed,Renter,2,11,1,
ID_0110,16/04/1983,Female,43150,679,3340,Unemployed,Single,Renter,2,1,28,No
ID_0111,10/05/1973,Female,88247,608,40644,Student,Married,Renter,0,3,,No
ID_0112,04/08/1957,Female,24853,567,48664,Employed,,Renter,2,2,3,No
ID_0113,07/09/1966,Female,41792,363,45203,Retired,Single,Owner,2,8,1,No
ID_0114,10/07/1986,Female,79129,649,1141,Student,Widowed,Owner,1,17,4,Yes
ID_0115,22/10/1989,Female,94478,793,25425,Student,Widowed,Renter,1,18,9,Yes
ID_0116,31/08/2002,Female,87298,822,19281,Retired,,Renter,0,6,0,No
ID_0117,11/05/2004,Female,,397,42049,Employed,Married,,0,3,27,Yes
ID_0118,29/11/1962,Male,35850,370,20425,Student,Single,Owner,2,5,25,Yes
ID_0119,12/02/1980,Male,32112,663,34806,Employed,Divorced,Owner,4,18,0,Yes
ID_0120,,Male,44058,575,32113,Employed,Divorced,Owner,0,0,26,No
ID_0121,11/05/1977,Female,65420,349,4270,Employed,Single,Owner,2,,25,Yes
ID_0121,11/05/1977,Female,65420,349,4270,Employed,Single,Owner,2,,25,Yes
ID_0122,16/06/1980,Male,58890,657,42814,Retired,Single,Owner,4,10,3,No
ID_0123,07/08/1962,Female,86017,784,4683,Employed,Divorced,Renter,1,21,6,No
ID_0124,14/06/1976,Female,67304,383,,Student,Single,Owner,0,3,13,No
ID_0125,20/11/1999,Male,52921,595,39884,Retired,Single,Owner,2,17,,Yes
ID_0125,20/11/1999,Male,52921,595,39884,Retired,Single,Owner,2,17,,Yes
ID_0126,12/02/1969,Female,21524,535,29809,,Widowed,Renter,,22,17,Yes
ID_0127,30/04/1997,Male,35048,355,34552,Student,Married,Owner,3,4,1,Yes
ID_0128,09/01/1963,Male,55111,659,3786,Retired,Divorced,Owner,1,21,0,Yes
ID_0129,29/05/1979,Male,57904,409,21650,Student,Single,Owner,2,5,20,No
ID_0130,06/11/1957,Female,74912,491,28706,Unemployed,Divorced,Renter,4,1,21,No
ID_0131,02/04/1979,Male,54008,392,9190,Student,Married,Owner,3,11,15,No
ID_0132,03/04/1964,Female,20060,359,38196,Retired,Divorced,Renter,3,21,28,Yes
ID_0133,,Male,94666,338,39449,Student,Divorced,Owner,3,8,21,Yes
ID_0133,,Male,94666,338,39449,Student,Divorced,Owner,3,8,21,Yes
ID_0134,07/09/2003,Male,75337,839,39661,Unemployed,Divorced,Renter,0,19,17,Yes
ID_0135,15/09/1988,,33350,348,29709,Employed,Widowed,Owner,2,11,,No
ID_0136,27/04/1981,Female,44354,719,45429,Employed,Married,Owner,3,12,27,No
ID_0137,27/08/1986,Female,65186,312,14892,Employed,Married,Owner,1,21,27,Yes
ID_0138,13/02/1992,Female,48145,335,9643,Retired,Divorced,Renter,4,,22,No
ID_0138,13/02/1992,Female,48145,335,9643,Retired,Divorced,Renter,4,,22,No
ID_0139,30/12/1996,Male,54020,400,9943,Unemployed,Divorced,Owner,2,,21,No
ID_0140,05/03/1970,Male,95186,385,43240,Student,Married,Owner,1,4,23,Yes
ID_0141,11/06/2005,Female,40581,815,45760,Student,,Renter,0,19,5,Yes
ID_0142,15/10/2001,,43051,522,21042,Student,Widowed,,3,12,24,No
ID_0143,16/05/1985,Female,71474,,43894,Student,Married,Renter,,12,9,Yes
ID_0144,23/04/1958,Female,89626,465,6869,Retired,Divorced,Owner,2,9,1,No
ID_0145,19/03/1998,Female,26960,682,40437,Retired,Single,Renter,,14,6,Yes
ID_0146,30/04/1957,Female,55772,675,44306,Unemployed,Single,Owner,0,14,20,No
ID_0147,15/06/1969,Male,41520,770,42833,Student,Single,Renter,4,17,16,Yes
ID_0148,25/03/1989,Female,69481,330,20918,Employed,Widowed,Renter,3,17,2,Yes
ID_0149,13/11/1958,Male,56408,674,28379,Retired,Widowed,Owner,2,1,19,Yes
ID_0150,14/05/1975,,77134,310,42939,Unemployed,Married,Owner,3,22,11,No
ID_0151,12/10/2002,Female,40491,601,25274,Unemployed,Married,Owner,3,10,1,No
ID_0152,28/06/1960,Female,21341,395,17696,Retired,Married,Owner,3,12,6,
ID_0152,28/06/1960,Female,21341,395,17696,Retired,Married,Owner,3,12,6,
ID_0153,16/04/1994,Male,64623,489,2962,Employed,Married,Renter,1,10,16,No
ID_0154,30/05/1967,Female,20338,752,13851,Employed,Divorced,Renter,1,3,18,No
ID_0155,07/04/1969,Female,91431,491,45747,Student,Widowed,Renter,4,14,11,
ID_0156,02/12/2004,Male,32254,785,,Retired,Single,Owner,0,21,8,Yes
ID_0157,25/03/1991,Male,71860,565,14745,Employed,Divorced,Owner,,22,26,Yes
ID_0158,08/01/1987,Male,31344,723,5730,Retired,Married,Renter,1,10,13,No
ID_0159,25/01/1969,Female,21750,427,13921,Unemployed,Married,Renter,,17,1,Yes
ID_0160,23/09/1957,Male,74756,537,32894,Unemployed,Divorced,Owner,0,15,20,No
ID_0161,28/05/1991,Female,87957,654,5602,Unemployed,Single,Renter,2,9,3,No
ID_0162,04/10/1993,,78053,411,,Retired,Widowed,,2,11,27,No
ID_0163,15/09/2006,Male,90855,745,19023,Student,Widowed,Renter,2,12,18,
ID_0163,15/09/2006,Male,90855,745,19023,Student,Widowed,Renter,2,12,18,
ID_0164,02/12/1975,Male,35896,642,45349,Student,Single,Owner,2,8,20,Yes
ID_0165,09/07/1972,Female,75761,444,15997,Employed,Widowed,Renter,4,20,15,No
ID_0166,,Female,82552,364,17750,Retired,Married,Owner,2,12,21,
ID_0167,20/11/2000,Male,97454,546,41979,Student,Married,Renter,0,,16,Yes
ID_0168,06/05/1985,Male,47935,789,22837,Retired,Married,Owner,1,5,1,Yes
ID_0169,19/12/1985,Male,57641,738,14997,Student,Married,Renter,0,10,16,Yes
ID_0170,20/09/2006,Female,49711,405,39439,Unemployed,Single,Renter,3,18,18,Yes
ID_0171,22/12/2001,Male,90342,480,23067,,Widowed,Renter,4,10,7,Yes
ID_0172,09/01/1975,Female,32182,483,45039,Employed,Widowed,Owner,4,9,23,Yes
ID_0173,,Male,76276,525,20923,Unemployed,Divorced,Renter,3,22,19,Yes
ID_0174,09/09/1981,Male,39541,388,8876,Student,Single,Renter,0,14,5,Yes
ID_0175,13/07/1975,Male,64813,829,2887,Employed,Widowed,Owner,0,12,11,Yes
ID_0176,12/07/1955,Male,57198,670,42422,Employed,Widowed,Owner,3,22,24,No
ID_0177,02/04/1964,Male,28820,698,36854,Unemployed,Divorced,Renter,2,7,29,Yes
ID_0178,06/08/1960,Male,44070,405,36948,Retired,Married,,2,4,22,Yes
ID_0179,25/07/1999,Female,89768,570,2841,Unemployed,Widowed,Renter,1,1,17,No
ID_0180,06/04/1968,Male,,,28756,Unemployed,,Renter,0,15,26,Yes
ID_0181,03/05/1989,Female,93543,824,6040,Employed,Divorced,Renter,0,12,1,Yes
ID_0182,27/10/2001,Male,61786,331,10304,Unemployed,Widowed,Owner,3,18,18,No
ID_0183,06/06/1984,Male,26737,692,30341,,Married,Renter,3,8,23,Yes
ID_0184,07/01/1976,Female,56062,339,4758,,Single,Owner,2,14,9,No
ID_0185,16/04/1999,Male,74237,517,17010,Unemployed,Married,Owner,0,5,24,No
ID_0186,06/07/2002,Female,71571,381,31658,Retired,Married,Renter,0,7,28,Yes
ID_0187,10/05/1957,Female,45510,500,49002,Student,Married,Owner,4,23,29,No
ID_0188,30/06/1983,Male,39426,746,37782,Retired,Married,Renter,1,13,2,No
ID_0188,30/06/1983,Male,39426,746,37782,Retired,Married,Renter,1,13,2,No
ID_0189,14/01/1957,Female,57265,727,1375,Student,Single,Owner,1,4,24,No
ID_0190,29/06/1991,Female,37850,,,Retired,Divorced,Owner,2,16,27,No
ID_0191,23/09/2000,Male,86150,510,22092,Unemployed,Married,Renter,0,21,,Yes
ID_0192,02/11/1976,Female,94910,743,490,Student,Married,Renter,4,6,25,No
ID_0193,17/04/1994,Male,72375,626,,Employed,Widowed,Owner,0,8,15,No
ID_0194,29/04/2002,Male,55435,526,5974,Employed,Widowed,Renter,3,15,11,
ID_0195,06/12/1984,Male,77132,347,19680,Retired,Single,Renter,2,17,7,No
ID_0196,10/01/1985,Male,98945,,18324,Retired,Single,Owner,1,,4,Yes
ID_0197,22/02/1989,Female,22983,738,31334,Retired,Single,Owner,0,17,10,No
ID_0198,23/03/1968,Male,40662,486,21398,Student,Widowed,Owner,,,9,Yes
ID_0199,07/08/1967,Male,43510,644,34650,Employed,Married,Renter,1,0,2,No
ID_0200,07/09/1961,Female,98187,523,21292,Unemployed,Widowed,Renter,0,20,26,
ID_0201,21/09/1968,Male,60998,787,35755,Student,Divorced,Renter,4,17,22,No
ID_0202,18/01/1982,Male,76846,,38353,Retired,Single,Owner,2,18,8,Yes
ID_0202,18/01/1982,Male,76846,,38353,Retired,Single,Owner,2,18,8,Yes
ID_0203,09/06/1962,Female,26640,689,3159,Employed,,Renter,0,1,11,Yes
ID_0204,09/11/1974,Female,64547,487,32626,Retired,Single,Owner,1,3,5,Yes
ID_0205,17/03/1971,Female,74620,,29351,Unemployed,Divorced,Owner,1,10,,Yes
ID_0205,17/03/1971,Female,74620,,29351,Unemployed,Divorced,Owner,1,10,,Yes
ID_0206,25/08/2001,Female,35317,609,37298,,Married,Owner,4,2,15,Yes
ID_0207,30/05/1992,Female,,431,17065,Employed,Married,Owner,2,8,20,No
ID_0208,26/04/1967,Female,47345,371,21638,Student,Married,Owner,2,9,22,No
ID_0209,30/08/1987,Female,99273,486,1073,Unemployed,Single,Owner,0,1,23,Yes
ID_0210,15/03/1979,Male,94859,785,46511,Unemployed,Married,Owner,1,6,28,Yes
ID_0211,31/12/1986,Female,94038,490,18771,Unemployed,Widowed,Renter,1,14,13,No
ID_0212,23/03/1980,Female,72393,721,35461,Unemployed,Single,Owner,4,,27,No
ID_0213,11/10/1965,Female,,419,42330,Retired,Divorced,Renter,4,9,3,Yes
ID_0214,24/03/1956,Male,49430,519,29320,Retired,Divorced,Renter,2,23,,
ID_0215,06/02/2004,Male,,352,4340,Student,Married,Renter,1,19,9,Yes
ID_0216,10/12/1994,Female,47788,750,34924,Employed,Single,Renter,0,13,17,Yes
ID_0217,09/01/1990,Female,68543,711,16184,Employed,,Renter,3,3,11,Yes
ID_0218,26/11/1973,Female,33919,536,40734,Employed,Widowed,Owner,0,10,18,No
ID_0218,26/11/1973,Female,33919,536,40734,Employed,Widowed,Owner,0,10,18,No
ID_0219,05/01/1972,Male,89346,705,2580,Unemployed,Single,Renter,4,2,7,Yes
ID_0220,21/11/1957,Male,59974,721,40025,Retired,Married,Renter,0,22,0,No
ID_0221,,Female,36371,546,28967,Retired,Divorced,Renter,1,16,13,No
ID_0222,15/11/1980,Male,65084,371,2159,Student,Divorced,Owner,2,6,22,No
ID_0223,02/08/1964,Female,49629,484,48940,Employed,Widowed,Renter,3,10,5,No
ID_0224,04/04/2000,Male,71184,305,13900,Retired,Widowed,Renter,2,17,13,Yes
ID_0225,13/12/1991,Male,81916,505,11440,Student,Widowed,Renter,3,13,1,Yes
ID_0226,18/02/1962,Female,93972,843,14678,,Divorced,Renter,3,13,8,No
ID_0227,27/03/2001,Female,82187,686,47204,Unemployed,Widowed,Owner,1,5,28,Yes
ID_0228,16/06/1968,Female,32984,375,12021,Retired,Divorced,,1,8,11,
ID_0229,25/02/1999,Female,53039,,6772,,Divorced,Owner,4,,4,Yes
ID_0230,12/05/1968,,78606,648,1627,Employed,Married,Owner,4,2,1,Yes
ID_0231,28/06/1974,Male,30616,554,44432,Unemployed,,Renter,3,16,18,Yes
ID_0232,28/05/1999,Male,70072,607,8219,Unemployed,Married,Renter,4,11,6,Yes
ID_0233,14/10/1959,Female,44574,644,23464,Retired,Widowed,Owner,1,3,,Yes
ID_0234,13/12/1968,Male,23430,426,30232,Employed,Divorced,Renter,4,19,9,Yes
ID_0235,28/08/1991,Female,32676,586,42481,Student,Widowed,Renter,3,15,16,No
ID_0236,05/05/1996,Male,30816,786,8488,Retired,Divorced,Renter,2,23,25,Yes
ID_0237,12/06/1970,Female,52733,682,34949,Unemployed,Married,Owner,0,9,13,Yes
ID_0238,04/12/2003,Female,22050,705,44362,Student,Married,,4,6,26,Yes
ID_0239,18/04/1994,Male,53933,687,,Employed,Widowed,Renter,1,9,10,No
ID_0240,01/05/1976,Female,44951,824,18981,Unemployed,Divorced,Renter,2,6,27,Yes
ID_0241,15/10/1994,Female,52413,,901,Student,Widowed,Owner,1,22,19,Yes
ID_0242,21/03/1982,Male,54801,799,22444,Retired,Single,Owner,4,17,5,Yes
ID_0243,21/03/1985,Female,75619,636,42058,Unemployed,Widowed,Owner,3,8,7,
ID_0244,01/05/1972,Female,52913,,18061,Employed,Married,Owner,0,21,18,Yes
ID_0245,17/07/1959,Female,60600,572,2881,Unemployed,Divorced,Owner,,17,29,No
ID_0246,21/05/1988,Male,77775,357,29863,Retired,Divorced,,2,16,18,No
ID_0247,07/10/1957,Male,55400,627,45826,Employed,Widowed,Owner,0,10,23,Yes
ID_0248,28/11/1967,Female,24494,408,5622,Retired,,Renter,3,0,23,
ID_0249,20/05/1967,Male,94691,578,1378,Student,Single,Owner,1,,23,No
ID_0250,07/11/1997,Female,63001,627,17632,Unemployed,Widowed,Owner,3,3,16,No
ID_0251,17/04/1983,,87364,614,28311,Retired,Divorced,Renter,2,3,23,Yes
ID_0252,10/01/1978,Female,65028,773,5650,,,Renter,,13,23,Yes
ID_0253,13/02/1991,Female,57573,410,45201,Employed,Divorced,Renter,0,8,17,No
ID_0254,14/10/1961,Female,20806,528,42224,Employed,Divorced,,3,12,11,No
ID_0255,13/06/1964,Male,76638,796,7036,,Divorced,Owner,1,15,8,No
ID_0255,13/06/1964,Male,76638,796,7036,,Divorced,Owner,1,15,8,No
ID_0256,13/01/1988,Female,49757,455,39255,Student,Divorced,Renter,3,0,22,No
ID_0257,16/03/1982,Male,54636,772,22499,Employed,Single,Renter,1,2,23,Yes
ID_0258,05/12/1991,Male,68280,571,37016,Retired,Married,Renter,1,18,15,No
ID_0259,14/05/1985,Female,,,4603,Student,Widowed,Owner,,7,17,Yes
ID_0259,14/05/1985,Female,,,4603,Student,Widowed,Owner,,7,17,Yes
ID_0260,07/08/1982,Female,82211,810,27773,Retired,Married,Renter,4,17,15,No
ID_0261,25/10/1971,Male,74842,585,19937,Employed,Married,Owner,3,5,15,No
ID_0262,20/07/1994,Male,76979,312,12632,Retired,Married,Owner,1,,3,
ID_0263,15/04/1976,Male,58197,797,30607,Retired,Widowed,Owner,2,5,22,
ID_0264,27/03/1986,Female,61844,537,26337,Student,Married,Owner,2,4,21,Yes
ID_0265,14/10/1984,Male,84754,393,220,Retired,,Renter,0,11,6,Yes
ID_0266,13/05/1956,Female,54157,637,46994,Retired,Widowed,Renter,2,8,0,No
ID_0267,02/12/1977,Female,97129,470,4818,Retired,Single,Renter,4,8,23,Yes
ID_0268,23/06/1959,Female,60042,,7349,Employed,Divorced,Owner,1,16,,Yes
ID_0269,30/10/1997,Male,81665,442,5618,Employed,,,,18,22,Yes
ID_0270,22/10/1977,Female,47376,500,,Unemployed,Divorced,Owner,3,16,28,No
ID_0271,28/09/1967,Female,75554,479,42624,Employed,Married,Owner,4,21,19,No
ID_0272,10/05/2004,Female,34199,,37344,Employed,Divorced,Owner,,15,0,Yes
ID_0273,12/01/1956,Female,70948,,18255,Unemployed,Divorced,Renter,1,11,7,No
ID_0274,23/11/1997,Female,93781,770,24299,Unemployed,Divorced,Owner,2,2,25,No
ID_0275,08/06/2006,Male,92750,683,,Student,Married,Owner,,13,22,Yes
ID_0276,14/02/1973,Female,,716,1462,Student,Married,Renter,2,16,7,No
ID_0277,28/09/1960,Female,66600,607,15905,Employed,,Renter,0,21,9,Yes
ID_0278,06/05/2005,Male,96898,666,24920,Retired,Widowed,Renter,3,15,0,Yes
ID_0279,27/09/2006,Female,82483,300,16252,Student,Single,Owner,1,20,20,Yes
ID_0280,14/07/1978,Male,38297,343,41004,Student,Married,Owner,0,11,24,No
ID_0281,20/09/1959,Female,50448,397,40581,Employed,Single,Renter,2,23,20,Yes
ID_0282,11/02/1999,Male,46172,564,34836,Retired,Married,Owner,2,1,28,No
ID_0283,21/07/1990,Male,62874,439,5753,Unemployed,,Owner,3,7,13,No
ID_0284,28/02/1959,Female,27657,780,40005,Unemployed,Single,Renter,4,11,13,No
ID_0285,15/04/2002,Female,45425,536,14175,Employed,Single,Renter,4,20,9,No
ID_0286,,Female,46685,371,6191,Employed,Single,Renter,2,15,27,Yes
ID_0287,11/05/1992,Male,44578,489,,,Married,Renter,4,,18,Yes
ID_0288,26/01/2002,Male,48831,567,18982,Employed,Widowed,Renter,1,15,24,No
ID_0289,06/09/1996,Male,27906,620,14622,Employed,Single,Renter,,9,28,Yes
ID_0290,27/11/1971,Female,81413,406,1001,Employed,Widowed,Renter,1,19,,No
ID_0291,06/11/1986,Male,74028,531,,,Married,Renter,2,14,,No
ID_0292,08/04/1996,Male,27287,341,43000,Employed,Single,Owner,2,3,19,Yes
ID_0293,20/11/1976,Female,53660,438,23283,Student,Married,Owner,2,14,15,
ID_0294,14/10/1957,Male,95758,572,21435,Retired,Widowed,Owner,3,3,19,Yes
ID_0295,08/01/1999,Male,80504,780,27223,Student,Widowed,,4,10,26,No
ID_0296,24/12/1961,Female,79720,715,37244,Retired,Single,Owner,0,5,7,No
ID_0297,19/11/1977,Male,54701,805,30024,Student,Widowed,Owner,0,3,6,No
ID_0298,27/05/2003,Female,37674,723,49630,Retired,Divorced,Owner,2,8,10,No
ID_0299,21/09/1973,Female,43874,706,30734,Unemployed,Divorced,Owner,4,8,20,Yes
ID_0300,10/02/2005,Female,63642,689,515,Employed,Single,Owner,1,2,,No
ID_0301,03/02/1985,Female,85160,641,45246,Employed,Married,,0,22,14,No
ID_0302,24/07/1986,Female,37602,792,1191,Retired,Married,Owner,2,4,,Yes
ID_0303,11/12/1972,Male,45931,491,32264,Student,Married,Renter,0,14,13,No
ID_0304,26/02/1987,Male,49192,798,43628,Unemployed,Divorced,Owner,0,8,14,No
ID_0304,26/02/1987,Male,49192,798,43628,Unemployed,Divorced,Owner,0,8,14,No
ID_0305,13/07/1987,Female,66542,532,46216,Student,Widowed,Renter,0,1,5,No
ID_0306,18/05/1991,Female,62520,526,6297,Employed,Divorced,Owner,2,2,28,
ID_0307,06/12/1960,Male,84772,670,27856,Employed,Widowed,Renter,2,,23,No
ID_0308,14/11/1990,Female,78762,438,49423,,Divorced,Owner,3,11,9,No
ID_0308,14/11/1990,Female,78762,438,49423,,Divorced,Owner,3,11,9,No
ID_0309,12/05/1957,Female,70106,448,8334,Retired,Married,Renter,3,15,13,Yes
ID_0310,09/02/1978,Female,45559,414,24162,Retired,Married,Owner,3,4,15,No
ID_0311,25/05/1983,Male,53742,749,6008,Student,Married,Renter,0,9,12,Yes
ID_0312,09/07/1973,Male,89669,362,7987,Employed,Single,Owner,4,14,10,No
ID_0313,04/03/1994,Female,41754,403,30966,Student,Single,Renter,2,13,24,Yes
ID_0314,10/10/2000,Female,,572,3332,Employed,Widowed,Owner,3,13,2,Yes
ID_0315,19/04/1974,Male,90831,305,787,Student,Single,Renter,4,22,7,Yes
ID_0316,14/01/1989,Male,61873,446,38990,Retired,Divorced,Renter,3,12,27,Yes
ID_0317,18/11/1984,Female,29903,483,9873,Unemployed,,,3,15,2,No
ID_0317,18/11/1984,Female,29903,483,9873,Unemployed,,,3,15,2,No
ID_0318,14/12/1994,Female,,327,17006,Employed,Widowed,Renter,4,7,1,No
ID_0319,08/06/1977,Male,61755,849,20225,Unemployed,Widowed,Renter,3,7,20,No
ID_0320,,Male,65648,418,36444,,Married,Renter,0,16,13,Yes
ID_0321,03/05/1971,Male,29516,592,35340,Student,Single,Renter,0,16,19,Yes
ID_0322,27/03/1977,Female,22396,670,39683,Retired,Married,Renter,0,2,28,
ID_0323,03/12/2004,Male,39129,543,5033,Unemployed,Single,Owner,1,0,20,Yes
ID_0324,30/10/1960,Female,21591,517,7788,Retired,Single,Owner,3,16,21,Yes
ID_0325,05/04/1959,Male,31303,476,15689,Retired,Widowed,Owner,1,23,14,Yes
ID_0326,19/02/1980,,50561,598,44220,Student,Married,Renter,2,15,2,Yes
ID_0327,07/03/1994,Male,91719,357,21598,Unemployed,Married,Renter,4,16,0,No
ID_0327,07/03/1994,Male,91719,357,21598,Unemployed,Married,Renter,4,16,0,No
ID_0328,07/04/1965,Male,27314,568,37480,Unemployed,Single,Owner,2,1,14,Yes
ID_0329,09/06/2000,Female,39623,607,,Unemployed,Single,Owner,1,13,19,No
ID_0329,09/06/2000,Female,39623,607,,Unemployed,Single,Owner,1,13,19,No
ID_0330,17/04/1965,Female,,587,66,Employed,Widowed,Renter,0,6,21,No
ID_0331,16/04/1967,Male,85082,404,48623,Retired,Divorced,Renter,3,18,1,Yes
ID_0332,27/11/1998,Female,53130,527,45246,Unemployed,Married,Owner,3,0,17,Yes
ID_0333,06/07/1963,Male,,546,7533,Retired,Married,Renter,0,16,0,Yes
ID_0334,23/05/1962,Male,46292,793,15103,Student,Widowed,Owner,3,9,8,Yes
ID_0335,10/11/2004,Male,89274,382,4616,Student,Widowed,Renter,4,5,2,No
ID_0335,10/11/2004,Male,89274,382,4616,Student,Widowed,Renter,4,5,2,No
ID_0336,,Male,,485,46045,Employed,Married,Owner,4,6,1,Yes
ID_0337,21/08/1965,Female,73947,551,38498,Employed,Married,Owner,4,5,3,No
ID_0338,09/03/1988,Male,42534,654,43492,Student,Single,Renter,2,4,15,Yes
ID_0339,17/11/1987,Male,83620,509,11772,Unemployed,Divorced,Owner,0,1,21,No
ID_0340,23/05/1985,Female,68874,746,23849,Student,Married,Renter,4,17,0,No
ID_0341,23/08/1988,Male,69708,759,49036,Retired,Widowed,Renter,1,23,8,No
ID_0342,13/01/1995,Male,94553,771,12940,Employed,Single,Renter,4,16,24,No
ID_0343,30/08/1960,Male,88344,669,16932,Employed,Single,Renter,2,23,7,No
ID_0344,11/07/1970,Female,,,29769,Student,Widowed,Renter,1,22,5,Yes
ID_0345,07/10/1957,,,,24648,Unemployed,Widowed,Owner,0,6,19,Yes
ID_0346,03/07/1984,Female,67638,666,47411,Unemployed,Single,Renter,0,20,17,Yes
ID_0347,,Male,98249,483,32966,Retired,Widowed,Renter,4,18,15,No
ID_0348,29/08/1968,Male,22719,586,27777,Employed,Single,Owner,1,6,7,Yes
ID_0349,31/01/1993,Female,42890,771,32567,Student,Widowed,Renter,1,22,22,No
ID_0350,18/03/1968,Male,97236,674,49723,,Single,Owner,4,6,27,No
ID_0351,06/07/1984,Male,56509,836,17174,Employed,Married,Renter,4,15,29,Yes
ID_0352,,Female,62534,810,42598,Student,Married,Owner,3,,3,No
ID_0353,10/02/2004,Female,,549,13798,Employed,Widowed,Renter,3,14,2,Yes
ID_0354,21/12/2001,Female,68845,809,17558,Unemployed,Divorced,Renter,4,14,14,No
ID_0355,22/01/1982,Female,77932,372,44237,Unemployed,Married,Renter,2,10,5,Yes
ID_0356,05/11/1957,Female,53062,581,178,Student,,Renter,3,1,0,No
ID_0357,19/04/2004,Male,95713,659,20470,,Divorced,Renter,4,2,17,Yes
ID_0358,31/12/1960,Female,80461,309,17118,Unemployed,Single,Owner,1,18,22,Yes
ID_0359,21/07/1970,Male,95418,510,22616,Retired,Single,Owner,3,19,10,No
ID_0360,21/11/1985,Male,86672,451,798,Employed,Married,Renter,2,14,2,No
ID_0361,02/12/1992,Male,54832,304,7601,Employed,Widowed,Owner,0,15,29,No
ID_0362,14/11/1960,Female,51966,494,25363,Student,Widowed,Renter,1,0,12,Yes
ID_0363,13/04/1972,Female,92545,582,2795,Employed,Single,Renter,2,14,16,Yes
ID_0364,14/10/1962,Male,32987,763,31926,Retired,Married,Renter,2,11,17,No
ID_0365,01/03/1971,Female,57311,412,45264,Student,Single,Owner,2,6,25,Yes
ID_0366,08/02/1998,Female,51575,570,37356,Student,Divorced,,1,6,25,Yes
ID_0367,19/04/1970,Female,83852,462,7297,Employed,Single,Owner,2,10,13,No
ID_0368,21/10/1980,,21007,759,3084,Unemployed,Married,Renter,0,19,24,Yes
ID_0369,24/10/1960,Male,90981,404,30329,,Single,Renter,3,10,6,Yes
ID_0370,06/11/1965,Male,96242,581,11110,Unemployed,Married,Owner,1,16,6,
ID_0371,31/12/1984,Female,67517,461,731,Unemployed,Widowed,,2,2,13,No
ID_0372,30/08/2002,Male,49257,650,1129,Retired,Married,Owner,4,15,25,Yes
ID_0373,29/08/1997,Female,62207,733,28022,Student,Divorced,Renter,3,4,23,No
ID_0374,21/11/1970,Female,33281,439,1605,Unemployed,Married,Renter,1,1,14,Yes
ID_0375,,Male,81246,770,11970,Retired,,Renter,4,22,11,Yes
ID_0375,,Male,81246,770,11970,Retired,,Renter,4,22,11,Yes
ID_0376,05/06/1981,Male,21435,431,43705,Student,Divorced,Owner,4,6,11,Yes
ID_0377,17/04/1976,Male,46660,386,44130,Employed,Single,Renter,2,9,7,Yes
ID_0378,09/11/1970,,25084,482,29265,Employed,Divorced,Owner,1,4,15,Yes
ID_0379,16/07/1956,Male,,667,32330,Retired,Married,Renter,2,14,8,No
ID_0380,30/12/1970,Female,92595,428,2933,Student,Widowed,Renter,0,11,1,Yes
ID_0381,23/09/1976,Male,65539,545,15187,Unemployed,Married,Owner,4,9,13,Yes
ID_0382,18/08/1978,Male,27491,677,25791,Student,Widowed,Renter,0,21,23,Yes
ID_0383,21/06/2000,Female,70192,448,24900,Unemployed,Divorced,Renter,2,16,23,Yes
ID_0384,26/01/1995,Female,83888,732,,Retired,Single,Owner,3,19,28,No
ID_0385,27/02/1991,Female,93609,768,46805,Unemployed,Divorced,Owner,4,19,15,Yes
ID_0386,27/09/1968,Female,29077,745,26426,Retired,Divorced,Owner,3,10,4,Yes
ID_0387,17/06/1999,Female,40953,780,39867,Student,Widowed,Renter,1,7,4,Yes
ID_0388,10/01/1987,Female,96919,593,893,Student,Married,,,14,19,Yes
ID_0389,14/08/1974,Female,87889,442,34158,Unemployed,Single,Owner,0,1,29,No
ID_0390,11/06/2000,Female,43821,549,19773,Student,Single,Renter,3,16,20,No
ID_0391,,Male,,601,,Unemployed,Single,Owner,,22,17,Yes
ID_0392,19/01/1982,Female,44860,324,,Student,Single,Owner,4,5,17,Yes
ID_0393,20/02/1981,,41195,369,3432,Employed,Married,Renter,1,20,4,Yes
ID_0394,16/06/1962,Male,97475,411,35139,Unemployed,Single,Owner,0,12,10,Yes
ID_0395,20/08/1994,Female,41427,663,1515,Retired,Widowed,Renter,4,7,12,Yes
ID_0396,02/03/1991,Male,47083,602,31670,Employed,Widowed,Owner,1,,2,No
ID_0397,03/07/1962,Male,77372,770,48674,Retired,Single,Owner,2,14,16,No
ID_0398,05/12/2004,Female,64064,390,39094,Student,Single,Renter,4,12,24,Yes
ID_0399,13/10/1957,Male,27813,829,14605,Employed,Married,Owner,4,17,17,Yes
ID_0400,20/07/1988,Female,51598,491,5586,Student,Married,Renter,4,17,13,Yes
ID_0401,29/07/1974,Male,47082,541,35685,Unemployed,Single,Owner,4,16,11,No
ID_0402,12/08/2000,Male,49241,437,48669,Retired,Married,Owner,2,21,,Yes
ID_0403,22/04/1996,Male,64569,644,31186,Student,Divorced,Renter,0,12,25,Yes
ID_0404,05/06/1993,Female,31745,479,26928,Retired,Single,Renter,2,2,17,No
ID_0405,06/10/1999,Female,46029,802,32728,Retired,Married,Owner,2,20,29,No
ID_0406,05/07/1992,Male,33025,502,17551,Student,Widowed,Owner,1,23,19,Yes
ID_0407,08/05/1985,Male,34288,491,21493,Unemployed,Single,Owner,3,6,1,Yes
ID_0408,07/02/1992,,26540,304,20711,Retired,Single,Renter,3,11,6,Yes
ID_0409,10/05/1970,Female,88878,,20039,Student,Widowed,Renter,1,3,,Yes
ID_0410,18/07/1996,Male,61846,610,36561,Unemployed,Widowed,Owner,2,23,27,
ID_0411,26/06/1959,Male,,848,9947,Student,Married,Owner,1,10,9,No
ID_0412,20/02/1978,Female,37482,355,32335,Unemployed,Widowed,Owner,4,13,14,Yes
ID_0413,01/08/1991,Female,43411,742,15859,Retired,Divorced,Renter,1,17,16,No
ID_0414,09/01/1998,Female,70975,536,23122,Employed,Single,Owner,1,6,,Yes
ID_0415,,Female,80545,496,1577,Student,Divorced,Renter,4,4,1,No
ID_0416,23/07/2001,Female,98797,813,42256,Retired,Married,,3,15,26,Yes
ID_0416,23/07/2001,Female,98797,813,42256,Retired,Married,,3,15,26,Yes
ID_0417,07/09/1962,,72307,748,28350,Student,Widowed,Owner,4,10,,Yes
ID_0418,,Female,23093,659,41932,Student,,Renter,0,21,17,No
ID_0419,19/05/1980,Male,,329,33798,,Widowed,Renter,1,2,24,No
ID_0420,05/06/1976,Female,42042,407,31898,Student,Widowed,Owner,1,15,,No
ID_0421,12/02/2006,Male,72930,744,15881,Unemployed,Married,Owner,3,10,8,No
ID_0422,22/02/1983,Female,64413,,10785,,Married,Owner,2,9,26,No
ID_0422,22/02/1983,Female,64413,,10785,,Married,Owner,2,9,26,No
ID_0423,25/04/1998,Female,53756,,6691,Student,Married,Owner,4,22,27,Yes
ID_0424,22/02/1960,Male,73268,794,17297,Retired,Married,Owner,2,22,16,Yes
ID_0425,13/07/1991,Male,59214,546,,Employed,,Owner,0,1,16,No
ID_0426,20/03/1976,Female,,842,19581,Retired,Divorced,Owner,4,15,16,Yes
ID_0426,20/03/1976,Female,,842,19581,Retired,Divorced,Owner,4,15,16,Yes
ID_0427,17/02/2006,Female,73331,738,1462,Student,Divorced,Renter,0,16,29,Yes
ID_0428,10/08/1986,Female,68901,577,15511,Employed,Single,Owner,0,9,15,Yes
ID_0429,27/06/1986,Female,83416,410,10570,Unemployed,Widowed,Owner,0,17,19,Yes
ID_0430,07/04/2005,Female,52196,684,48665,Employed,Single,,4,11,24,No
ID_0431,,Male,25626,490,44414,Student,Divorced,Owner,4,7,7,Yes
ID_0432,12/11/1990,Male,27424,789,15474,Student,Divorced,Owner,3,2,22,Yes
ID_0433,19/07/1955,Female,32857,725,7037,Retired,Single,Owner,1,19,14,Yes
ID_0434,19/02/1999,Male,39982,704,28129,Unemployed,Married,Renter,2,23,0,Yes
ID_0435,27/06/1967,,96961,634,42267,,Widowed,Owner,2,2,18,No
ID_0436,28/04/1963,Male,21980,508,13386,Student,,Renter,0,5,24,Yes
ID_0437,01/05/1959,Female,68290,321,6221,Unemployed,Divorced,Owner,4,1,14,Yes
ID_0438,,Male,46431,507,23474,Unemployed,Married,Renter,4,2,8,Yes
ID_0439,15/05/1993,Female,46385,307,40537,Retired,Widowed,Renter,0,16,4,No
ID_0440,14/04/1993,,58158,828,49839,Employed,Divorced,Renter,1,8,15,No
ID_0441,23/05/2001,Female,43019,465,47124,Unemployed,Widowed,Owner,2,3,27,Yes
ID_0441,23/05/2001,Female,43019,465,47124,Unemployed,Widowed,Owner,2,3,27,Yes
ID_0442,12/02/1987,Male,38639,795,21045,Student,Married,Owner,3,21,12,Yes
ID_0443,15/04/1974,Female,41563,728,25783,Unemployed,Divorced,Owner,1,22,15,No
ID_0444,03/11/1997,Female,59341,462,40157,Student,Married,Owner,4,1,21,Yes
ID_0445,22/10/1991,Male,25776,,4922,Retired,Single,,0,23,10,No
ID_0446,18/06/1978,Female,56444,825,46407,Employed,Single,Owner,2,8,12,Yes
ID_0447,02/06/1967,Female,88916,538,22706,Retired,Widowed,Renter,0,13,5,Yes
ID_0448,13/04/1999,Female,28711,,42771,Unemployed,Married,Renter,4,10,25,No
ID_0449,,Female,94318,744,32479,,Married,Renter,0,1,19,Yes
ID_0450,04/01/1974,Female,,808,,Unemployed,Widowed,Owner,2,20,16,Yes
ID_0451,04/11/1967,Female,59110,568,30022,Unemployed,Widowed,Owner,0,1,4,Yes
ID_0452,15/03/1983,Female,81788,714,15240,Unemployed,Widowed,Renter,2,4,28,No
ID_0453,28/05/1968,,58827,544,26220,Unemployed,Single,Owner,0,6,16,No
ID_0454,07/04/2005,Male,25655,359,36736,Employed,Widowed,Owner,0,21,0,Yes
ID_0455,31/08/1958,,64859,305,2716,Student,Single,Owner,2,3,26,Yes
ID_0456,07/05/2005,Female,73625,706,16574,Unemployed,Widowed,Renter,0,13,4,Yes
ID_0457,02/08/1987,Female,72098,516,46279,Student,Married,Renter,1,1,4,Yes
ID_0458,12/07/1967,Male,35251,325,,Employed,Married,Owner,3,22,6,No
ID_0459,,Male,20526,304,8181,Student,Widowed,Renter,1,11,15,No
ID_0460,27/04/1961,Male,88760,831,45763,Student,Widowed,Renter,3,9,17,No
ID_0461,31/12/1986,Female,67837,689,44066,Employed,Single,Owner,1,,5,Yes
ID_0462,03/11/1995,Male,31536,747,49530,Unemployed,Divorced,Owner,3,18,1,Yes
ID_0463,28/04/1995,Female,48541,445,20213,Student,Single,Renter,0,22,,No
ID_0464,29/05/2000,Female,99083,687,6380,Retired,Married,Renter,2,15,9,Yes
ID_0465,09/06/1960,Male,71027,548,615,Student,Widowed,Owner,2,14,20,Yes
ID_0466,28/03/1992,Female,54531,825,463,Unemployed,Married,Owner,4,13,19,No
ID_0467,09/06/1984,,28712,761,31973,Retired,Divorced,Owner,3,8,10,Yes
ID_0468,,Female,85455,312,9158,Unemployed,Single,Renter,4,20,25,No
ID_0469,14/10/1976,Female,94744,683,20651,Student,Married,,4,22,20,
ID_0470,24/04/1986,Male,25109,698,3158,Employed,Single,Owner,3,14,1,
ID_0471,24/01/2004,Male,69268,318,20008,Unemployed,Widowed,Owner,2,6,7,Yes
ID_0472,08/05/2004,Female,74615,790,46202,Unemployed,Married,Owner,3,3,23,Yes
ID_0473,01/07/1956,Female,49759,718,4938,Employed,Divorced,Owner,0,20,,Yes
ID_0474,31/08/1976,Male,80112,636,38185,Student,Single,,4,17,18,No
ID_0475,24/04/1994,Female,46589,718,22388,,Single,Owner,4,7,19,No
ID_0476,31/08/1981,Male,50015,421,8881,Student,Divorced,,3,,16,Yes
ID_0477,27/08/1992,Female,49009,731,5603,Student,Married,Renter,4,14,15,
ID_0478,29/10/1982,Female,82046,343,34980,,Married,Owner,2,14,24,No
ID_0479,28/05/1995,Male,46143,616,22504,Employed,Single,Renter,4,16,9,No
ID_0480,21/08/1988,Male,26154,680,16766,Student,Divorced,Renter,3,1,4,Yes
ID_0481,,Male,41804,444,28386,Student,Single,Renter,2,11,13,No
ID_0482,,Male,61688,626,11695,Retired,Single,Owner,2,2,23,No
ID_0483,08/03/1965,Female,84288,662,17796,Retired,Widowed,Renter,4,6,18,No
ID_0484,17/10/1959,Male,71195,349,42543,Retired,Married,Owner,3,5,3,Yes
ID_0485,22/04/2000,Female,40581,364,14559,Unemployed,Married,Renter,4,13,19,No
ID_0486,10/12/1987,Male,72648,654,38914,Unemployed,Widowed,Renter,0,22,15,No
ID_0487,24/09/1975,Male,50087,463,33139,Retired,Married,Renter,,4,23,No
ID_0488,17/10/1975,Female,69930,440,38333,Employed,Married,Owner,2,3,14,No
ID_0489,14/01/2003,Male,52981,427,,,Married,Owner,4,14,27,Yes
ID_0490,10/01/1969,Male,89298,697,8307,Retired,Divorced,Renter,0,6,8,No
ID_0491,21/02/1959,Male,66167,762,40205,Unemployed,Widowed,,,,2,No
ID_0491,21/02/1959,Male,66167,762,40205,Unemployed,Widowed,,,,2,No
ID_0492,22/12/1989,Male,95304,486,33214,Unemployed,Single,Renter,0,12,22,No
ID_0493,,Female,63408,489,34159,Employed,Divorced,Renter,4,9,8,Yes
ID_0494,16/06/1969,Female,59499,687,11516,Student,Single,Renter,4,22,17,Yes
ID_0495,11/01/1981,Male,72269,728,29086,Employed,Widowed,Renter,0,,3,Yes
ID_0496,31/08/1958,Male,58559,583,48222,Student,Widowed,Owner,4,11,18,No
ID_0497,19/06/1983,Male,94319,536,30480,Unemployed,Widowed,Renter,,23,23,No
ID_0498,28/09/1986,Female,68787,493,44659,Unemployed,Married,Owner,1,21,3,
ID_0499,15/06/1995,Female,55488,586,47766,Retired,Divorced,Renter,2,11,8,Yes
ID_0500,20/08/2003,Female,94441,435,38737,Unemployed,Widowed,Renter,4,18,0,No
ID_0501,29/08/1998,Female,94663,470,9265,Student,Single,Renter,3,18,0,No
ID_0502,21/04/2002,,42431,458,48629,Employed,Married,Renter,2,20,19,Yes
ID_0503,22/03/1989,Male,81681,500,5454,Retired,Married,Renter,2,2,18,No
ID_0504,29/09/1992,Male,83483,786,35918,Student,Divorced,Owner,3,5,2,No
ID_0505,11/11/1964,Female,69153,803,26181,Employed,,Owner,0,1,9,Yes
ID_0506,10/03/1975,Male,26368,670,15386,Employed,Divorced,Renter,1,23,11,Yes
ID_0507,05/04/1994,Female,47424,402,39182,Employed,Married,,4,12,17,Yes
ID_0508,05/06/1981,Female,65004,424,37425,Unemployed,Widowed,Owner,0,8,13,Yes
ID_0509,07/02/1997,Male,76985,612,43254,Employed,Single,Renter,3,12,9,Yes
ID_0510,08/05/1971,Male,70069,757,24327,Unemployed,Widowed,Renter,1,22,,
ID_0511,15/01/1981,Male,72326,529,21181,Employed,Single,Renter,1,13,17,Yes
ID_0512,21/06/1979,Female,43398,496,47662,Employed,Widowed,Renter,1,18,23,No
ID_0513,19/05/1989,Female,70861,722,21452,Unemployed,Divorced,,3,10,0,No
ID_0514,14/05/1979,Male,95897,470,38248,Unemployed,Single,Owner,0,13,29,Yes
ID_0515,22/01/1967,Male,88577,681,40801,Student,Married,Owner,4,15,14,Yes
ID_0516,17/11/2005,Female,85641,472,33751,Employed,Single,Owner,1,9,7,No
ID_0517,08/12/2003,Male,29078,752,21991,Unemployed,Married,Renter,1,19,25,No
ID_0518,25/01/2003,Female,45003,649,41311,Student,Widowed,Renter,0,15,2,No
ID_0519,02/01/2005,Female,82768,793,9916,Student,Divorced,Renter,1,1,17,Yes
ID_0520,11/11/1959,,71047,303,10143,Unemployed,Single,Renter,1,15,8,No
ID_0521,28/06/1993,Male,91626,392,25855,Employed,Married,Owner,3,13,,Yes
ID_0522,30/06/1970,Male,77660,305,15581,Student,Widowed,Owner,2,,20,
ID_0522,30/06/1970,Male,77660,305,15581,Student,Widowed,Owner,2,,20,
ID_0523,14/01/1962,Male,69786,587,1907,Employed,Divorced,Renter,0,17,14,No
ID_0524,,Female,21925,445,29424,Employed,Divorced,Owner,0,5,29,No
ID_0525,30/04/1997,Female,46015,723,23308,Student,Divorced,Owner,0,6,4,Yes
ID_0526,29/09/1971,Female,53320,,,Unemployed,Widowed,Renter,3,12,12,Yes
ID_0527,10/03/2002,,84881,501,41505,Employed,Widowed,Owner,3,1,21,No
ID_0528,25/10/1993,Female,46289,511,46525,Retired,Widowed,Renter,4,14,19,No
ID_0529,18/02/1977,Male,23389,305,36942,Unemployed,Divorced,Owner,3,16,6,No
ID_0530,11/05/1969,Male,45683,675,26957,Student,Single,Owner,0,12,15,Yes
ID_0531,20/03/1975,Male,33629,746,25464,Retired,Married,Renter,4,6,6,Yes
ID_0532,09/02/1964,Male,81550,405,48476,Employed,Widowed,Renter,2,0,26,Yes
ID_0533,24/04/1990,Male,44826,700,23649,Unemployed,Single,Renter,1,2,24,Yes
ID_0534,,Male,46630,395,42065,Retired,Married,Owner,1,19,21,Yes
ID_0535,,Female,66163,687,27125,Unemployed,Divorced,Renter,4,17,,No
ID_0536,03/01/1981,Male,86435,751,34758,Employed,Single,Owner,2,6,12,No
ID_0537,15/11/1974,Female,31653,715,5596,,Divorced,Renter,1,20,16,No
ID_0538,18/03/1985,Female,47961,803,16374,Retired,Married,Owner,4,16,8,Yes
ID_0539,21/02/1998,Male,94137,753,3775,Unemployed,Widowed,Renter,3,11,11,No
ID_0540,18/07/1983,Male,53662,590,27388,Student,Divorced,Renter,0,15,12,Yes
ID_0541,13/10/1987,Male,76446,833,21029,Student,Single,Owner,2,23,25,Yes
ID_0542,13/10/1970,Female,41288,492,18445,Retired,Widowed,,1,9,8,No
ID_0543,22/07/2003,Male,56877,449,48474,Unemployed,Single,Renter,0,22,4,No
ID_0544,18/03/1977,Female,35313,814,,Retired,Married,Owner,,15,6,Yes
ID_0545,29/01/1977,Male,92715,692,31105,Unemployed,Married,Renter,1,19,0,Yes
ID_0546,07/06/2005,Male,30326,,13668,Employed,Widowed,Owner,0,17,3,No
ID_0547,11/09/1981,Female,21560,375,15960,Student,Single,Owner,3,14,27,Yes
ID_0548,11/11/1969,Female,99148,569,11357,Employed,Single,Renter,2,22,25,Yes
ID_0549,28/01/1997,Male,46745,524,37203,Unemployed,Single,Renter,4,10,3,Yes
ID_0550,09/10/1986,Female,51890,829,15804,Employed,Single,Owner,1,17,15,No
ID_0551,13/10/2005,Female,40022,412,14626,Retired,Married,Owner,3,5,4,Yes
ID_0552,01/09/1993,Female,72579,550,28132,Retired,,Owner,2,0,21,Yes
ID_0553,08/01/1994,,90316,532,7951,Unemployed,Married,Owner,2,22,3,Yes
ID_0554,19/09/1990,Female,48380,,6449,Student,Single,Renter,3,6,5,Yes
ID_0555,21/08/1966,Male,22356,424,19065,Retired,Single,Renter,1,11,25,Yes
ID_0556,29/03/1987,Male,90326,474,35967,Student,Divorced,Owner,2,19,22,Yes
ID_0557,10/09/1992,Female,40049,368,39536,Unemployed,Divorced,Renter,4,3,2,Yes
ID_0558,28/01/1971,Male,95717,,9130,Student,Single,Owner,0,9,,No
ID_0559,26/08/1999,Male,36082,555,23824,Unemployed,Married,Owner,4,20,7,No
ID_0560,15/11/1959,Female,20661,329,41401,Employed,Single,Owner,2,1,16,No
ID_0561,06/12/2002,Male,57412,580,36993,Unemployed,Divorced,Renter,0,,28,Yes
ID_0562,20/07/1972,Female,22920,536,31875,Employed,Single,Owner,3,9,17,No
ID_0563,14/08/1991,Female,80315,547,49748,Unemployed,Divorced,Renter,0,19,17,No
ID_0564,,Male,99561,667,6054,Retired,Single,Renter,0,10,25,Yes
ID_0565,08/02/1994,Female,28946,,34273,Retired,Widowed,Owner,0,13,24,No
ID_0566,15/05/1957,Female,65500,324,41821,Student,Single,Renter,2,2,11,Yes
ID_0567,05/07/1979,Female,36309,789,48517,Unemployed,Married,Owner,1,0,24,Yes
ID_0568,,Female,75230,793,10832,Unemployed,Divorced,Owner,2,6,24,Yes
ID_0569,,Female,50027,613,29670,Unemployed,Widowed,Renter,1,3,0,No
ID_0570,24/06/2004,Male,92541,674,49112,Student,,Owner,3,6,,Yes
ID_0570,24/06/2004,Male,92541,674,49112,Student,,Owner,3,6,,Yes
ID_0571,03/04/2001,Male,79321,324,22852,Retired,,Renter,,15,11,
ID_0572,21/03/1984,Female,20956,633,23620,Unemployed,Married,Renter,3,9,10,Yes
ID_0573,28/02/1970,Female,94131,654,28307,Student,Single,Renter,3,14,12,Yes
ID_0574,12/07/1967,Male,67908,415,47551,Unemployed,,Owner,3,15,2,No
ID_0575,16/11/1995,Female,98339,347,,Employed,Single,Renter,4,5,26,Yes
ID_0576,05/03/1988,Male,45963,398,47922,,Widowed,Owner,2,3,24,No
ID_0577,06/04/1988,Female,59443,758,27812,Employed,Married,Owner,,3,7,Yes
ID_0578,21/07/1969,Female,59063,822,,Student,,Renter,3,23,2,Yes
ID_0579,06/12/1957,Female,24703,704,26312,Student,Divorced,Renter,4,22,16,Yes
ID_0580,09/12/1978,Female,85128,513,39620,Retired,Married,Owner,4,3,24,Yes
ID_0581,,Female,92099,802,1449,Unemployed,Single,Renter,4,21,12,
ID_0582,08/06/1983,Female,45849,,24426,Student,Married,Renter,2,21,9,Yes
ID_0583,17/03/2006,Female,51860,557,35427,Retired,Married,Renter,3,16,16,Yes
ID_0584,25/02/2006,Male,51585,420,40277,Unemployed,Widowed,Owner,4,12,2,Yes
ID_0585,16/11/1984,Male,42015,353,31551,Student,Single,Renter,4,1,12,No
ID_0586,04/10/1965,Male,97539,630,,Employed,Divorced,Owner,3,19,21,No
ID_0587,25/04/1972,Female,,540,35489,Student,Single,Owner,2,5,5,No
ID_0588,04/12/1956,Female,46958,829,45212,Employed,Widowed,Renter,4,21,13,Yes
ID_0589,06/04/1980,Female,46017,,9637,Retired,Single,Renter,1,0,26,No
ID_0590,11/11/1990,Female,96707,486,43258,Retired,Single,Owner,0,7,9,No
ID_0591,25/11/1965,Female,65350,561,35693,Unemployed,Married,Owner,0,17,19,
ID_0592,28/05/1958,Female,32201,663,9824,Unemployed,,Renter,0,20,15,No
ID_0593,21/04/1997,Female,49426,790,26950,Unemployed,Single,Owner,2,3,17,Yes
ID_0594,16/05/1977,Male,37778,730,23488,Retired,Single,Renter,4,4,12,No
ID_0595,03/02/1994,Female,65241,538,39008,Employed,Divorced,Owner,0,4,9,No
ID_0596,02/06/1970,Male,62229,603,49664,,Widowed,Renter,0,14,5,No
ID_0597,22/12/1964,Male,68364,597,215,Unemployed,Married,Owner,3,9,9,No
ID_0598,03/11/1990,Female,,375,40067,Retired,Married,Renter,4,7,4,No
ID_0599,26/08/2001,Female,47490,632,11523,Employed,Married,Renter,4,,28,Yes
ID_0599,26/08/2001,Female,47490,632,11523,Employed,Married,Renter,4,,28,Yes
ID_0600,24/06/1973,Male,39975,773,10364,Student,Married,Owner,3,11,5,No
ID_0601,10/06/1960,Male,46723,582,3153,Unemployed,Single,Renter,4,10,6,Yes
ID_0602,26/10/1994,Female,43279,371,23834,Student,Single,Owner,1,12,,No
ID_0603,,Female,,562,34474,Student,Divorced,Owner,2,14,,Yes
ID_0603,,Female,,562,34474,Student,Divorced,Owner,2,14,,Yes
ID_0604,13/04/1972,Male,,,43066,Unemployed,Married,Owner,3,16,24,No
ID_0605,03/11/1979,Female,86061,440,34335,Retired,Married,Owner,0,21,11,No
ID_0606,24/11/1997,Female,69153,316,10400,Unemployed,Single,Renter,4,21,11,No
ID_0607,02/10/1967,Female,53142,362,10345,Employed,Divorced,,1,17,29,No
ID_0608,10/06/1987,Male,46916,552,33896,Employed,Single,Owner,1,7,22,No
ID_0609,04/08/1967,Male,84324,764,19894,Unemployed,Married,Owner,2,5,19,Yes
ID_0610,20/09/1961,Male,64965,675,28899,Student,Married,Renter,1,10,25,No
ID_0611,26/11/1978,Female,24648,819,40635,Employed,Widowed,Owner,4,8,4,No
ID_0612,17/04/1960,Female,55133,389,28229,Employed,Widowed,Renter,,4,15,Yes
ID_0613,25/04/1995,Male,70677,474,,Unemployed,Widowed,Renter,1,6,28,No
ID_0614,26/05/1979,Male,90135,375,4897,Unemployed,Divorced,Owner,4,21,5,No
ID_0615,15/06/1959,Male,55046,699,6001,Retired,Single,Renter,4,14,28,No
ID_0616,09/03/1984,Female,67064,370,43881,Unemployed,Married,Owner,0,,8,No
ID_0617,08/10/1983,Male,89350,479,4567,Unemployed,Married,Renter,3,21,4,No
ID_0618,16/12/1993,Male,65893,423,9271,Employed,Divorced,Renter,4,3,20,Yes
ID_0619,09/10/1979,Female,81272,680,47116,Employed,Married,Owner,4,18,22,No
ID_0620,30/06/1965,Female,87649,592,11703,Employed,Married,Renter,2,12,15,Yes
ID_0621,09/11/1975,Female,84674,494,13329,Student,Single,Owner,3,0,,No
ID_0622,31/10/2003,Male,33760,527,,Employed,Widowed,Renter,3,0,,No
ID_0623,08/02/1988,Female,41927,730,6256,Employed,Widowed,Owner,3,21,11,Yes
ID_0624,06/12/1973,Female,81367,735,228,Unemployed,Divorced,Owner,1,13,1,No
ID_0625,19/06/1994,Male,32588,760,24746,Retired,Widowed,Owner,0,8,25,No
ID_0626,20/01/1964,Female,72233,320,16678,Employed,Widowed,Owner,0,23,9,Yes
ID_0627,12/07/1971,Male,64738,363,37052,Retired,Divorced,Renter,2,,11,No
ID_0628,02/06/1988,Male,53397,464,46032,Employed,Divorced,Owner,3,17,13,No
ID_0629,26/03/1988,Female,96367,326,46158,Employed,Widowed,Owner,3,8,17,Yes
ID_0630,11/03/1981,Female,91260,,23185,,Single,Owner,4,7,,Yes
ID_0631,23/04/1985,Female,96619,584,33686,Unemployed,Divorced,Owner,1,13,5,No
ID_0632,03/04/1988,Female,39816,580,11445,Employed,Married,Renter,1,8,4,No
ID_0633,23/04/1979,Female,62240,463,33266,Retired,Divorced,Owner,2,19,26,No
ID_0634,04/10/1958,Female,,523,2809,Employed,Married,Renter,0,1,15,Yes
ID_0635,10/02/1981,Male,99530,445,37729,Student,,Owner,3,0,13,Yes
ID_0636,25/07/1994,Male,43499,329,41785,Student,Divorced,Owner,2,12,12,No
ID_0637,20/12/1993,Female,91635,344,36547,Student,Widowed,,1,9,20,No
ID_0638,02/01/1979,Male,55946,770,42818,Student,Widowed,Owner,,7,1,No
ID_0639,07/06/1956,Female,75204,333,34886,Unemployed,Widowed,Owner,1,6,1,Yes
ID_0640,12/11/1993,,71886,726,6391,Student,Single,Owner,3,23,11,Yes
ID_0641,,Male,91652,520,145,Retired,Widowed,Renter,,11,0,Yes
ID_0642,10/01/1962,Male,35563,833,13929,Employed,Widowed,Renter,3,16,18,No
ID_0643,10/11/1995,,29847,666,24326,Retired,Divorced,Owner,,11,27,No
ID_0644,08/07/1985,Male,46155,849,29991,Student,Divorced,Owner,0,15,27,No
ID_0645,13/11/1967,Female,99671,415,47685,,Single,Owner,1,9,26,Yes
ID_0646,05/01/1992,Male,87278,538,37333,Student,Married,Renter,1,11,15,No
ID_0647,27/06/1995,Male,38309,,16576,Student,Divorced,Owner,4,10,29,Yes
ID_0648,04/02/1990,Male,20619,740,39405,Unemployed,Divorced,Renter,1,13,6,No
ID_0649,21/10/1996,Male,,447,28464,Unemployed,Married,Renter,1,21,26,Yes
ID_0650,13/05/1974,Male,54707,308,8243,Unemployed,,Renter,3,19,20,No
ID_0651,06/10/1973,Female,40337,587,31601,Unemployed,Divorced,Renter,3,12,6,No
ID_0652,08/03/1957,Female,86504,687,2410,Unemployed,Widowed,Renter,,1,15,Yes
ID_0653,19/02/1990,Male,67614,349,1820,Unemployed,,Owner,,19,24,No
ID_0654,27/04/1960,Male,20281,816,35289,Employed,Married,Renter,2,6,5,Yes
ID_0655,,,47420,577,38650,Student,Married,Renter,1,0,17,No
ID_0656,09/09/1965,Male,59030,599,,Student,Widowed,Owner,1,2,0,No
ID_0657,,Female,21058,434,7465,Unemployed,Widowed,Owner,0,19,0,No
ID_0658,02/08/1990,Male,96260,446,32439,Retired,Widowed,Renter,2,11,25,Yes
ID_0659,26/05/1975,Female,48404,789,27314,Unemployed,Single,Owner,1,4,24,No
ID_0660,19/08/1972,,49856,777,44229,Employed,Married,Owner,2,11,13,Yes
ID_0661,15/02/1980,Female,29200,458,19583,Retired,Widowed,Owner,3,2,5,No
ID_0662,24/01/1984,Male,84178,683,27155,Employed,Widowed,Renter,3,19,5,No
ID_0663,27/03/1957,Male,,,38871,Retired,Married,Renter,2,4,3,Yes
ID_0664,26/04/1998,Female,45611,740,12197,Retired,Divorced,,1,0,11,No
ID_0665,08/06/2005,Male,61235,488,29511,Unemployed,Single,Owner,2,15,29,No
ID_0666,17/10/1995,Male,55057,714,15424,Employed,Divorced,Renter,2,8,17,Yes
ID_0667,25/07/1960,Male,21239,638,48821,Retired,Widowed,Renter,3,9,9,Yes
ID_0667,25/07/1960,Male,21239,638,48821,Retired,Widowed,Renter,3,9,9,Yes
ID_0668,10/06/1979,Female,85661,480,240,,Single,Owner,2,9,2,No
ID_0669,13/04/1976,Male,65272,587,4631,Unemployed,Divorced,Renter,4,12,2,Yes
ID_0670,19/12/1971,Male,81212,486,9599,Unemployed,Married,,4,15,7,Yes
ID_0671,07/03/1994,Female,,437,44462,Unemployed,Widowed,Owner,3,19,21,No
ID_0672,31/07/1996,Female,76503,429,24658,Unemployed,Single,Owner,1,3,22,Yes
ID_0673,15/09/1969,Female,26638,493,37845,Student,Single,Renter,1,13,24,Yes
ID_0674,23/02/1988,Male,26570,615,32574,Retired,Single,Renter,3,16,0,No
ID_0675,20/10/1989,Male,88785,443,36536,Student,Single,Renter,1,4,17,Yes
ID_0676,20/12/1960,Male,29110,315,41910,Unemployed,Widowed,Owner,0,12,14,Yes
ID_0677,07/11/1955,Female,,601,7995,Retired,Widowed,Owner,4,2,24,No
ID_0678,21/04/1955,Male,32115,722,25186,Retired,Married,Owner,0,4,20,No
ID_0679,11/06/1979,,59062,544,29245,Employed,Married,Owner,0,15,19,Yes
ID_0680,,Female,42911,406,22813,Unemployed,Married,Renter,0,18,16,No
ID_0681,06/09/1962,Female,52556,387,13276,Student,Divorced,Owner,3,18,24,Yes
ID_0682,18/07/1978,Female,,428,19989,Employed,Married,Owner,0,16,10,Yes
ID_0683,29/11/1992,Female,21969,,12746,Retired,Widowed,Renter,2,17,12,Yes
ID_0684,22/08/1978,Female,63753,303,44243,Student,Divorced,Owner,1,17,24,Yes
ID_0685,28/07/1978,Male,24470,626,18557,Unemployed,Widowed,Renter,3,,19,No
ID_0686,29/04/1973,,30225,709,28060,Student,Divorced,Owner,,7,24,
ID_0687,15/02/1995,Male,43196,605,6568,Student,Married,Renter,2,17,9,Yes
ID_0688,10/02/1970,Male,33669,524,35369,Student,,Renter,4,,12,No
ID_0689,10/06/1968,Female,57380,647,19041,Employed,Married,,4,18,16,Yes
ID_0690,28/11/1958,Female,68320,620,6080,Retired,Divorced,Owner,2,9,20,Yes
ID_0691,07/06/2006,Female,67414,480,13854,Student,Widowed,Renter,4,1,0,No
ID_0692,27/08/1960,Male,35577,685,2159,Retired,Single,,1,16,19,No
ID_0693,09/02/2007,Female,75409,407,27025,Employed,Widowed,Owner,1,23,15,Yes
ID_0694,19/08/1971,Female,48625,830,41081,Unemployed,Married,Owner,4,12,15,No
ID_0695,24/05/1983,Female,44089,709,4368,Unemployed,Divorced,Owner,,10,27,
ID_0696,11/12/1984,Female,,595,34085,Student,Divorced,Owner,2,15,20,No
ID_0697,10/06/2001,Female,85838,470,,Employed,Married,Owner,1,,29,No
ID_0697,10/06/2001,Female,85838,470,,Employed,Married,Owner,1,,29,No
ID_0698,31/10/1975,Male,70138,630,46040,Unemployed,Divorced,Renter,4,6,26,Yes
ID_0699,25/02/1964,Male,62823,792,1230,Employed,Married,Renter,4,2,2,No
ID_0700,28/05/1961,Male,57208,494,17517,Employed,Widowed,Owner,1,15,1,No
ID_0701,13/08/1988,Female,74061,311,23991,Student,Divorced,Owner,1,18,,Yes
ID_0702,10/08/1994,Female,50659,494,1301,Student,Single,Owner,0,19,10,
ID_0703,05/02/1966,Female,51890,789,28610,Employed,Divorced,Owner,4,15,28,Yes
ID_0704,17/12/1969,,,481,15927,Employed,Married,Owner,4,1,2,Yes
ID_0705,23/03/1993,Female,67055,615,,Student,Single,Renter,3,13,25,Yes
ID_0706,27/03/1993,Female,39508,329,24466,Employed,Married,Renter,0,19,0,Yes
ID_0707,23/11/1957,Female,62287,395,14904,Student,Divorced,Owner,1,9,10,No
ID_0708,21/11/1959,Male,98916,680,40875,Retired,,Owner,1,18,12,Yes
ID_0709,10/03/1991,Female,46984,743,26081,Employed,,Renter,2,23,4,Yes
ID_0710,25/01/2003,Male,28125,597,24354,Student,Divorced,Owner,1,10,17,Yes
ID_0711,19/11/1984,Female,56059,660,27761,Employed,,Owner,4,17,14,No
ID_0712,02/04/1986,Male,,,,Student,Widowed,Owner,1,10,17,Yes
ID_0713,01/06/1988,Male,37087,602,29491,Employed,Single,Renter,4,,14,Yes
ID_0714,15/01/2002,Male,25704,720,35525,Unemployed,Single,Renter,,18,19,No
ID_0715,23/10/1998,Female,80576,,26532,Unemployed,Widowed,Owner,0,19,19,No
ID_0716,16/04/1970,Female,93384,536,6464,Employed,Married,Renter,1,9,19,Yes
ID_0717,,Male,92460,833,16562,Unemployed,Married,Renter,0,2,6,No
ID_0718,08/07/1991,Male,47208,484,41856,Employed,Widowed,Owner,4,2,16,No
ID_0719,16/04/1972,Female,86024,767,47892,Employed,Single,Renter,1,23,28,Yes
ID_0720,24/02/1979,Female,59882,662,47028,Retired,Divorced,Renter,1,7,7,Yes
ID_0721,08/05/2004,Male,45923,582,42511,Retired,Widowed,Renter,0,5,27,Yes
ID_0722,28/12/1956,Female,49165,635,8683,Unemployed,Divorced,Renter,0,19,12,No
ID_0723,08/11/1958,,87203,461,32634,Retired,Married,Renter,4,0,25,Yes
ID_0724,16/03/1990,Female,24114,459,60,Retired,Widowed,Renter,4,19,15,No
ID_0725,22/01/1962,Female,84965,773,9269,Employed,Divorced,Owner,1,23,24,Yes
ID_0726,15/10/1965,Male,,621,23065,Student,Single,Owner,1,5,9,No
ID_0727,30/07/1994,Female,93297,311,2895,Employed,Widowed,Owner,3,1,28,Yes
ID_0728,16/01/1990,Female,45426,723,15323,Retired,Divorced,Renter,3,18,13,No
ID_0729,31/05/1997,Male,37772,372,12352,Employed,Widowed,Owner,2,6,5,Yes
ID_0730,04/11/1975,Male,23712,500,44643,Unemployed,Widowed,Renter,4,10,19,Yes
ID_0731,16/05/1990,Female,21367,821,49737,Student,Married,Renter,2,10,21,Yes
ID_0732,10/06/1980,,71924,804,38591,Retired,Married,Owner,2,3,25,No
ID_0733,23/07/1986,Female,23726,338,30890,Retired,Single,Renter,0,19,6,No
ID_0734,25/08/1984,Female,47723,359,32016,Employed,Married,Owner,0,,5,Yes
ID_0735,07/10/1961,Male,29108,620,11962,Employed,Married,Renter,3,,26,No
ID_0736,25/10/1989,Male,97714,734,33302,Employed,Married,Owner,2,23,16,Yes
ID_0737,02/12/1967,Male,55643,707,19846,Employed,,Owner,3,6,20,No
ID_0738,30/11/1971,Female,51324,685,4011,Retired,,Owner,4,15,23,Yes
ID_0739,06/07/1985,Female,28927,377,19782,Employed,Married,Owner,1,14,7,No
ID_0740,10/11/1973,Female,42443,493,2155,Retired,Divorced,Renter,0,4,11,No
ID_0741,13/03/1964,Female,99973,584,39725,Employed,Widowed,Owner,4,0,,No
ID_0742,23/10/1988,Male,83449,826,9196,Student,Married,Renter,4,19,24,No
ID_0742,23/10/1988,Male,83449,826,9196,Student,Married,Renter,4,19,24,No
ID_0743,10/09/1963,Male,96743,823,43459,Student,Married,Owner,0,21,3,No
ID_0743,10/09/1963,Male,96743,823,43459,Student,Married,Owner,0,21,3,No
ID_0744,28/06/2000,Female,80233,455,21709,Employed,Widowed,Owner,0,21,9,Yes
ID_0745,,Male,45537,,,Employed,Divorced,Owner,2,,5,No
ID_0746,09/06/2002,Female,97576,424,35474,Unemployed,Divorced,Renter,3,20,6,No
ID_0747,04/06/1979,Female,42612,579,32769,Student,Single,Owner,4,,20,No
ID_0748,13/05/1978,Male,26471,427,41993,Retired,Widowed,Owner,2,21,26,No
ID_0749,02/01/1960,Female,55631,613,,Student,,Renter,2,5,7,Yes
ID_0750,03/03/1968,Female,51348,631,14820,Retired,Divorced,Owner,4,2,2,No
ID_0751,27/10/1996,Male,84732,,10891,Employed,Married,Renter,4,5,7,No
ID_0751,27/10/1996,Male,84732,,10891,Employed,Married,Renter,4,5,7,No
ID_0752,28/05/1958,Female,21177,,34629,Student,Single,Owner,1,7,14,Yes
ID_0753,28/08/1957,Female,24760,335,5269,,Divorced,Owner,3,5,29,Yes
ID_0754,12/11/2002,Male,52779,719,43880,Unemployed,Divorced,Owner,4,15,20,No
ID_0755,13/11/1991,Female,41636,321,48467,Unemployed,Married,,,15,0,Yes
ID_0756,24/09/1988,Male,73551,505,8320,Student,Widowed,Owner,1,20,12,No
ID_0757,19/06/1975,Female,31556,655,49589,Student,Divorced,Owner,3,2,21,No
ID_0758,08/04/1978,Male,47598,739,10740,Student,Single,Owner,0,16,17,Yes
ID_0759,25/02/1969,Male,31563,,,Retired,Married,Renter,,20,14,No
ID_0760,17/07/1971,Male,66819,463,30930,Employed,Widowed,Renter,3,5,6,Yes
ID_0761,02/03/2000,Female,93770,447,17285,Unemployed,Widowed,Renter,1,5,14,Yes
ID_0762,29/06/1959,,46966,829,14380,Employed,Widowed,Renter,0,21,24,No
ID_0763,03/06/1995,Male,79889,593,11360,Unemployed,Divorced,Renter,2,18,2,No
ID_0764,22/09/1977,Male,46987,494,,Unemployed,Widowed,Renter,3,19,,Yes
ID_0765,25/04/1982,Male,98714,779,5529,Unemployed,Divorced,Owner,3,14,25,No
ID_0766,19/08/1992,Male,78348,422,29062,Student,Married,Owner,4,18,13,Yes
ID_0767,,Female,44596,699,36686,Unemployed,Married,Owner,1,1,19,Yes
ID_0768,21/07/1983,Female,53174,751,17451,Employed,Widowed,Owner,2,7,3,Yes
ID_0769,23/10/1968,Female,84106,403,49178,Unemployed,Married,Owner,2,6,3,Yes
ID_0770,24/01/1983,Female,,761,6937,Employed,Single,Renter,,7,2,
ID_0771,09/12/2006,Female,79182,695,39886,Unemployed,Single,Renter,0,12,4,No
ID_0771,09/12/2006,Female,79182,695,39886,Unemployed,Single,Renter,0,12,4,No
ID_0772,26/02/1969,Female,59310,636,49699,Unemployed,Divorced,Renter,0,21,24,No
ID_0773,02/06/1955,Female,76088,441,10860,Student,Widowed,Owner,2,14,10,No
ID_0774,31/01/1968,Male,28906,616,25142,Employed,Divorced,Renter,1,,7,No
ID_0775,10/01/1971,Female,56914,826,25279,Unemployed,Married,Owner,0,14,,No
ID_0776,14/01/1992,Male,65379,700,38106,Unemployed,Widowed,Renter,3,13,1,Yes
ID_0777,,Male,98612,609,45240,,Divorced,Owner,4,6,27,
ID_0778,08/04/1977,Female,57650,794,35908,Unemployed,Widowed,Renter,1,16,15,Yes
ID_0779,28/09/1969,Male,66881,408,40764,Retired,Widowed,Owner,0,4,24,Yes
ID_0780,19/02/1965,Male,66413,671,48257,Student,Divorced,Renter,2,19,,Yes
ID_0781,16/08/1969,Male,26012,505,14201,Employed,Widowed,Owner,4,9,9,No
ID_0782,19/07/1989,Male,70115,342,40544,Student,Married,Renter,,18,17,Yes
ID_0783,15/09/1981,Female,27151,544,37711,Retired,Single,Owner,2,17,6,No
ID_0784,,Female,77716,586,45654,Retired,Single,Owner,0,23,4,Yes
ID_0785,29/02/1972,Female,56378,654,8997,Retired,Widowed,Owner,4,9,28,No
ID_0785,29/02/1972,Female,56378,654,8997,Retired,Widowed,Owner,4,9,28,No
ID_0786,27/09/1995,Female,62652,775,40566,Employed,Single,Owner,3,1,6,No
ID_0787,21/01/1990,Female,92430,,20175,Retired,Widowed,Renter,3,5,20,No
ID_0788,26/08/2001,Female,33467,409,40860,Employed,Divorced,Renter,2,2,27,No
ID_0789,12/03/1990,Female,51010,489,3225,Employed,Married,Renter,,18,5,No
ID_0790,30/10/1971,Female,74691,550,44578,Unemployed,Single,Owner,4,4,23,
ID_0791,28/09/1972,Female,84157,590,47682,Employed,Divorced,Renter,,6,0,No
ID_0791,28/09/1972,Female,84157,590,47682,Employed,Divorced,Renter,,6,0,No
ID_0792,10/07/1980,Female,32289,500,35228,Retired,Married,Owner,0,6,28,No
ID_0793,03/04/2002,Male,64976,625,41505,Employed,Single,Renter,1,9,10,Yes
ID_0794,04/01/2002,Female,63596,810,46688,Employed,Single,Owner,0,0,12,No
ID_0795,16/02/1988,Male,43171,708,23110,Student,Married,,4,10,11,No
ID_0796,08/11/1956,Male,64139,807,10754,Retired,Divorced,Owner,,22,0,No
ID_0797,21/04/1967,Male,68713,371,26655,Employed,Divorced,Owner,0,6,20,No
ID_0798,24/09/1971,Male,49734,546,43601,Unemployed,Single,Renter,2,5,14,No
ID_0799,27/03/2007,Female,92588,643,3114,Employed,Married,Renter,3,5,,Yes
ID_0800,09/09/1961,Male,83646,353,26502,Employed,Divorced,Renter,1,12,2,
ID_0801,01/04/1980,Female,23654,827,,Student,Married,Owner,4,15,25,Yes
ID_0802,08/03/2001,Female,38743,831,48128,Retired,Married,Owner,0,12,14,No
ID_0803,25/12/1987,Male,68368,492,20028,Retired,Single,Owner,1,1,8,Yes
ID_0804,05/10/1956,Female,94172,357,17587,Unemployed,Married,Renter,4,18,13,Yes
ID_0805,13/10/1992,Male,26441,736,42719,Unemployed,Married,Owner,4,18,28,Yes
ID_0806,29/10/2002,Male,44611,410,35333,Unemployed,Widowed,Renter,3,18,22,No
ID_0807,15/12/1983,Female,32149,428,3174,Employed,Married,Owner,2,17,27,No
ID_0808,02/08/2003,Female,,625,35398,Employed,Divorced,Renter,2,5,21,Yes
ID_0809,29/04/1978,Male,,307,35929,Unemployed,Single,Owner,1,1,23,No
ID_0810,10/12/1956,Female,91031,328,4321,Retired,Single,Owner,3,,7,No
ID_0811,18/04/1968,Female,62668,411,30435,Retired,Married,Renter,4,5,21,Yes
ID_0812,,Female,33673,430,45972,Unemployed,Married,Owner,3,19,3,No
ID_0813,,Male,96666,487,7099,Student,Divorced,,3,22,19,Yes
ID_0814,26/05/1985,Male,85429,774,23760,Retired,Widowed,Renter,1,21,19,No
ID_0814,26/05/1985,Male,85429,774,23760,Retired,Widowed,Renter,1,21,19,No
ID_0815,04/01/1958,Female,43669,663,11360,Retired,Single,Owner,2,14,5,Yes
ID_0816,21/10/1973,Female,54068,503,10313,Unemployed,Widowed,Renter,3,5,0,No
ID_0816,21/10/1973,Female,54068,503,10313,Unemployed,Widowed,Renter,3,5,0,No
ID_0817,13/08/2006,Female,29435,511,46270,Retired,Divorced,Renter,3,2,27,No
ID_0818,10/06/1979,Female,72249,575,20462,Employed,Single,Owner,3,10,17,Yes
ID_0819,13/01/2002,Female,57384,372,5801,Employed,Divorced,Owner,,7,,Yes
ID_0820,21/10/1983,Male,96153,542,14130,Retired,Married,Owner,3,21,29,No
ID_0821,05/08/1997,Female,95388,401,14271,Employed,Divorced,Renter,3,17,13,Yes
ID_0822,13/11/1992,Male,51401,470,16075,Student,Married,Owner,,16,10,Yes
ID_0823,29/11/1984,,91831,487,36919,Retired,Widowed,Renter,0,18,16,Yes
ID_0824,24/05/1955,Male,54084,740,41679,Unemployed,Single,Owner,3,18,8,Yes
ID_0825,07/06/1992,Female,75826,385,18984,Employed,Single,Owner,3,23,27,Yes
ID_0826,22/12/1997,Male,56451,775,,Student,,Renter,,20,21,No
ID_0827,17/09/1976,Female,27227,351,12861,Student,Married,Owner,1,16,6,Yes
ID_0827,17/09/1976,Female,27227,351,12861,Student,Married,Owner,1,16,6,Yes
ID_0828,19/12/1990,Male,,410,33434,Employed,Single,Owner,0,3,13,Yes
ID_0829,03/05/1985,Male,56041,342,16667,,Divorced,Owner,4,6,27,Yes
ID_0830,11/06/1982,Male,,510,5840,Retired,Married,Owner,0,4,16,Yes
ID_0831,03/10/1964,Male,85481,499,3565,Student,Single,Owner,0,15,7,No
ID_0832,18/01/2007,Male,88576,325,43194,Employed,Divorced,,1,5,27,
ID_0833,07/07/1986,Male,84174,598,,Student,Divorced,Owner,1,13,15,No
ID_0834,04/10/1960,Female,46160,376,21118,Employed,Single,Renter,4,19,11,No
ID_0835,06/10/1968,Male,37633,436,22641,Employed,Widowed,Owner,3,1,11,Yes
ID_0836,27/06/1959,Female,37014,319,7366,,Widowed,Owner,4,,27,Yes
ID_0836,27/06/1959,Female,37014,319,7366,,Widowed,Owner,4,,27,Yes
ID_0837,21/07/1956,Female,,739,26636,Employed,Single,Renter,3,17,27,No
ID_0838,01/06/1978,Female,61621,510,15630,Employed,Divorced,Owner,2,12,4,No
ID_0839,22/03/1981,Female,97231,734,20056,Unemployed,Widowed,,1,17,4,No
ID_0840,01/04/1988,Female,88388,506,7382,Retired,Widowed,Renter,2,16,13,Yes
ID_0841,,Male,36014,738,16149,Employed,Widowed,Renter,2,12,5,No
ID_0842,22/11/1985,Male,53755,341,48639,Retired,Married,Owner,1,11,6,
ID_0842,22/11/1985,Male,53755,341,48639,Retired,Married,Owner,1,11,6,
ID_0843,14/04/1989,Male,60390,710,46041,Unemployed,Widowed,Renter,2,2,22,No
ID_0844,16/11/1990,Female,43711,822,992,Unemployed,Single,Renter,0,21,20,No
ID_0845,22/06/1994,Male,77993,726,,Unemployed,Single,Renter,3,6,16,Yes
ID_0846,28/05/1956,Male,94696,574,2121,,Married,Renter,4,0,26,Yes
ID_0847,11/02/1982,,47213,747,27160,Retired,Married,Owner,1,4,8,No
ID_0848,04/04/2001,Male,77784,668,45156,Student,Single,Owner,0,20,,Yes
ID_0849,04/11/2003,Male,27421,519,20906,Student,Married,Renter,4,0,12,Yes
ID_0850,20/06/1976,Female,37727,531,19572,Retired,Widowed,Owner,4,3,8,No
ID_0851,29/03/1972,Male,24358,627,4136,Employed,Divorced,Renter,4,0,26,Yes
ID_0852,07/12/1956,Female,85108,742,16727,Retired,Divorced,Owner,2,12,15,Yes
ID_0853,01/03/1997,Female,52117,351,32167,Employed,Divorced,Owner,2,13,3,No
ID_0854,04/04/1996,Female,51910,675,,,Single,Renter,2,14,1,No
ID_0855,,Female,75754,562,15479,Student,Married,Renter,2,16,12,Yes
ID_0856,,Female,,566,31376,Unemployed,Divorced,Owner,0,11,12,Yes
ID_0857,16/04/1984,Male,49371,658,4823,Student,Widowed,,2,6,18,Yes
ID_0858,10/02/1959,Male,71501,616,4920,Student,Widowed,Owner,1,22,11,No
ID_0859,02/03/1965,Male,80946,623,19585,Retired,Widowed,Renter,4,18,3,No
ID_0860,31/05/1991,Female,58467,720,38239,Retired,Married,Owner,0,22,9,Yes
ID_0861,14/06/1992,Male,37625,345,17272,Employed,Divorced,Renter,2,2,15,Yes
ID_0862,25/05/1981,Male,53893,568,26619,Retired,Widowed,Renter,4,17,27,
ID_0863,25/09/2004,Female,96329,680,9533,Employed,Married,Renter,0,3,23,No
ID_0864,10/02/2006,,51007,417,39895,Employed,Widowed,Owner,4,2,18,No
ID_0865,14/05/1956,Female,59532,415,,Unemployed,Divorced,Renter,0,11,7,Yes
ID_0866,20/09/1977,Female,74253,559,19267,Unemployed,Divorced,Owner,3,22,5,Yes
ID_0867,11/03/2004,Male,32323,374,15696,Student,Divorced,Renter,0,11,,Yes
ID_0868,06/06/1976,Female,93379,779,29968,Unemployed,Divorced,Owner,2,16,29,
ID_0869,20/10/1959,Female,34210,604,23345,Employed,Divorced,Owner,4,5,6,No
ID_0870,11/11/2000,Male,36456,306,25693,Retired,Widowed,Renter,4,14,,Yes
ID_0871,19/07/1992,Male,51367,665,19385,Unemployed,Divorced,,4,1,26,Yes
ID_0872,12/02/2001,Female,74624,822,18122,Unemployed,Widowed,Owner,1,,12,No
ID_0873,,Male,,647,1364,Unemployed,Divorced,Owner,1,13,20,Yes
ID_0874,28/01/1969,Female,88008,737,2708,Unemployed,Widowed,,2,4,4,Yes
ID_0875,18/04/1957,Female,92240,514,12982,Employed,,Renter,3,2,8,Yes
ID_0876,09/11/1976,Male,84315,728,17308,Employed,Widowed,Owner,1,9,28,Yes
ID_0877,29/06/1970,Male,89249,797,32919,,,Owner,0,6,2,Yes
ID_0878,25/10/1989,Female,90587,839,25161,Retired,Married,Renter,2,10,9,Yes
ID_0879,06/11/1989,Female,30756,666,35089,Student,Widowed,Owner,3,14,14,No
ID_0880,24/09/1985,Female,88011,612,13865,Student,Married,Renter,0,1,19,Yes
ID_0881,03/06/1998,Male,56378,837,495,Unemployed,Widowed,Renter,4,4,20,No
ID_0882,19/11/1967,Female,24255,353,44755,Retired,,Renter,1,10,16,No
ID_0883,29/11/1955,Female,34484,840,2148,Unemployed,Widowed,Renter,0,7,22,No
ID_0884,06/05/1999,Female,76549,766,33324,Employed,Single,Owner,3,12,23,No
ID_0885,22/12/1996,Female,54503,463,13393,,Divorced,Renter,2,10,5,Yes
ID_0886,31/01/1964,Female,93794,633,1552,Retired,Married,Renter,0,16,24,Yes
ID_0887,,Male,,846,,Employed,Married,Owner,2,,2,Yes
ID_0888,09/12/1999,Female,94069,647,32924,,Widowed,Owner,4,0,17,Yes
ID_0889,16/05/1988,Female,25249,,8926,Retired,Married,Renter,3,18,4,No
ID_0890,24/06/1979,,39201,713,30851,Student,Married,Renter,3,15,12,No
ID_0891,01/02/2005,Female,78576,799,23889,Retired,Married,Renter,1,18,24,No
ID_0892,19/06/2001,Male,29686,392,39930,Student,Married,Renter,,12,26,Yes
ID_0893,09/06/1991,Male,73363,378,8055,Unemployed,Single,Renter,,22,0,No
ID_0894,03/08/1973,Male,20661,516,4654,Student,Widowed,Renter,0,21,16,Yes
ID_0895,05/07/1968,Female,64843,657,22634,Student,Married,Owner,0,22,25,No
ID_0896,02/11/1976,Female,80963,806,32363,Retired,Single,Owner,4,3,2,Yes
ID_0897,20/09/1977,Male,62828,480,11468,Retired,Single,Renter,3,10,25,No
ID_0898,21/01/1976,Male,68604,545,32922,Unemployed,Widowed,Owner,3,17,18,No
ID_0899,02/09/1971,Male,,543,40718,Retired,Divorced,,0,17,20,Yes
ID_0900,11/01/2005,Female,88910,805,48091,Student,Divorced,Renter,1,9,19,No
ID_0901,16/06/1961,Female,45592,,17380,Retired,Divorced,Owner,1,,21,No
ID_0902,,Male,48982,619,26870,Retired,,Owner,3,12,11,Yes
ID_0903,27/07/2000,Male,20207,386,37394,Retired,Widowed,Renter,3,13,7,No
ID_0904,18/08/1978,Male,88619,516,14259,Unemployed,Divorced,Renter,2,6,7,No
ID_0905,03/11/1978,Female,49328,789,,,Married,Renter,3,9,14,No
ID_0906,13/12/1985,Female,66479,818,13016,Employed,Widowed,,0,2,10,No
ID_0907,06/11/1975,Female,40103,577,42137,Unemployed,Married,Renter,,1,19,Yes
ID_0908,16/09/1959,Male,59891,468,153,Unemployed,Divorced,Owner,3,,0,Yes
ID_0909,17/04/1965,Male,30754,629,7853,Unemployed,Divorced,Renter,3,6,28,No
ID_0910,29/12/2004,Female,92982,740,12379,Student,Single,Renter,0,4,15,Yes
ID_0911,10/09/1987,Male,75922,690,15792,Employed,Single,Renter,2,2,29,No
ID_0912,27/01/1995,Female,68231,795,38367,Student,Widowed,Renter,3,1,13,Yes
ID_0913,02/04/1965,Male,49301,680,18100,Unemployed,Married,Owner,1,22,6,No
ID_0914,05/12/1969,Male,82711,605,47553,Unemployed,Married,Owner,1,21,5,
ID_0915,,Male,61323,812,11049,Employed,Divorced,Renter,1,5,20,Yes
ID_0916,30/11/2006,Male,38752,487,786,Employed,Divorced,Owner,,13,3,No
ID_0917,07/03/1983,Female,33395,815,4368,Retired,Widowed,Renter,4,6,,No
ID_0918,22/05/1975,Male,76273,726,30699,Unemployed,Single,Renter,3,21,7,No
ID_0919,23/07/1987,Female,24895,801,,Unemployed,Divorced,Owner,3,1,21,No
ID_0920,12/08/1975,Female,96559,559,37040,Student,Married,Owner,3,10,18,
ID_0921,14/01/1998,Female,30699,812,27454,Retired,Divorced,Renter,4,,24,Yes
ID_0922,11/11/1996,Male,85061,370,38762,Unemployed,Single,Renter,3,2,2,Yes
ID_0923,17/11/1965,Female,29715,777,23600,Student,Married,,0,8,,Yes
ID_0924,13/09/1969,Female,39169,477,29238,Employed,Single,Owner,2,7,12,No
ID_0925,09/05/2002,Female,36163,,25241,Student,Widowed,Renter,1,10,,No
ID_0926,30/12/1976,Male,25782,,,,Widowed,Renter,1,17,26,No
ID_0926,30/12/1976,Male,25782,,,,Widowed,Renter,1,17,26,No
ID_0927,28/09/1997,Male,55585,590,20167,Student,Single,Renter,0,0,1,No
ID_0928,26/11/1997,Female,50682,819,21811,Student,Married,Renter,3,14,10,Yes
ID_0929,03/10/2002,Male,67864,591,39779,Retired,Single,Renter,4,3,15,Yes
ID_0930,11/11/1966,Female,75114,582,20085,Retired,Divorced,Renter,,3,9,Yes
ID_0931,06/11/1998,Female,58067,843,46854,Employed,Divorced,Owner,3,9,14,No
ID_0932,08/03/2002,Male,62685,676,9261,Retired,Single,Renter,1,10,,No
ID_0933,,Female,38073,455,18733,,Divorced,,1,17,9,No
ID_0934,04/06/1989,Male,,807,39779,Retired,Single,Owner,4,22,1,No
ID_0935,05/11/1999,Male,84977,712,29079,Unemployed,Divorced,Owner,1,14,5,Yes
ID_0936,30/03/1975,Female,85450,827,33980,Student,Single,Renter,3,2,13,Yes
ID_0937,08/03/1981,Male,,654,14141,Student,,Owner,0,6,1,Yes
ID_0938,01/08/1989,Male,24437,486,9344,Student,Married,Renter,4,6,9,No
ID_0939,23/09/1995,Female,90971,330,39472,Unemployed,Married,Owner,0,16,16,Yes
ID_0940,20/01/1971,Female,84612,559,,Student,Divorced,Owner,3,21,7,No
ID_0941,09/06/1985,Male,81929,720,23817,Retired,Single,Renter,4,19,25,Yes
ID_0942,07/12/1960,Male,32329,828,29813,Unemployed,Divorced,Owner,0,23,15,Yes
ID_0943,23/10/2002,Female,45169,603,18895,Student,Widowed,Renter,4,15,13,No
ID_0944,08/01/1979,Male,,338,143,,,Owner,3,15,9,No
ID_0945,06/06/1985,Male,96957,,10681,Retired,Single,Renter,4,7,12,
ID_0946,11/10/1983,Male,80631,841,7367,Employed,Divorced,Owner,3,2,0,Yes
ID_0947,01/03/1985,Male,65033,577,3228,Retired,Divorced,Renter,,19,,Yes
ID_0948,14/07/1983,Male,83133,502,4582,Retired,Married,Renter,4,14,29,Yes
ID_0949,27/05/1997,Male,93165,365,13147,Employed,Single,Renter,1,0,21,Yes
ID_0950,08/09/1988,,93861,407,11397,Employed,Widowed,Renter,3,9,11,No
ID_0951,18/01/1971,Female,72290,567,38799,,Widowed,Owner,2,1,29,Yes
ID_0952,21/03/1982,Female,51750,521,37011,Retired,,Renter,4,6,16,No
ID_0953,25/08/1993,Female,60461,829,13647,Unemployed,Widowed,Owner,0,13,23,Yes
ID_0954,29/04/1970,Female,93800,389,,Unemployed,Single,Owner,1,15,13,No
ID_0955,07/02/1959,Female,98222,554,44264,Student,Widowed,Renter,1,14,4,No
ID_0956,20/10/1971,Male,44226,754,42317,Unemployed,Widowed,Renter,4,6,18,Yes
ID_0957,20/07/1973,Male,26721,,47914,Unemployed,Single,Owner,2,12,4,Yes
ID_0958,23/10/2001,,,556,19097,Unemployed,Single,Owner,1,9,14,No
ID_0959,01/10/1992,Male,40609,682,36953,Unemployed,Widowed,Owner,3,8,12,Yes
ID_0960,04/09/1971,Female,72130,741,45254,Employed,Widowed,Renter,4,8,16,No
ID_0961,17/05/1970,Male,92909,389,40096,Retired,,Renter,4,5,0,Yes
ID_0962,08/04/1995,Male,75249,689,49452,Student,Divorced,Owner,2,23,,Yes
ID_0963,27/03/1994,Female,68895,343,17107,Employed,Single,Owner,3,11,13,Yes
ID_0964,19/10/1978,,25656,318,3010,Student,Single,Owner,3,22,3,Yes
ID_0965,17/10/1962,Male,94520,400,5555,Student,Divorced,,2,19,24,Yes
ID_0966,17/12/1991,Female,83740,656,67,Employed,Married,Owner,,19,,No
ID_0967,04/10/1959,Male,84309,841,28412,Unemployed,Widowed,Owner,3,21,8,Yes
ID_0968,21/09/1993,Male,49984,332,44953,Employed,Widowed,Owner,0,13,16,No
ID_0969,02/08/1970,Male,93822,528,34305,Student,Married,Owner,0,19,,No
ID_0970,08/07/1960,Male,25901,823,,Student,Married,Renter,4,6,12,
ID_0971,23/08/1995,,51552,454,11549,Unemployed,Divorced,Owner,4,7,11,Yes
ID_0972,10/02/1980,Female,,722,5680,Employed,,Renter,1,7,15,
ID_0973,04/12/1979,Female,57685,545,25739,Retired,Widowed,Renter,4,7,3,No
ID_0974,11/06/2002,Female,93965,704,21209,Student,Married,Owner,3,1,17,No
ID_0975,14/02/1982,Female,34716,840,41515,Employed,Married,Renter,3,13,22,No
ID_0976,18/06/2000,Female,31138,460,22432,Unemployed,Widowed,Owner,,9,,No
ID_0977,27/08/2004,Female,55298,416,15116,,Widowed,Owner,3,17,16,No
ID_0978,26/07/2001,Male,71112,570,20045,Retired,Widowed,Owner,4,,0,Yes
ID_0979,27/10/1999,Female,43429,786,26327,Student,Widowed,Owner,4,17,18,No
ID_0980,21/09/1980,Female,70200,471,35709,Retired,Widowed,Owner,4,15,21,No
ID_0981,30/03/1987,Male,91308,573,43617,Retired,Divorced,Renter,2,,3,
ID_0982,30/09/1956,Male,68244,,26905,Retired,Widowed,Renter,3,4,16,No
ID_0983,26/02/2005,Female,37347,434,7067,Retired,Married,Owner,1,19,6,Yes
ID_0984,24/03/1992,Male,36920,721,32559,Unemployed,Single,Renter,3,4,1,Yes
ID_0985,23/09/1964,Female,51822,720,42919,Student,Divorced,Owner,3,19,11,No
ID_0986,24/01/1989,Male,66659,485,17985,Retired,Married,Renter,2,22,4,No
ID_0987,07/12/1992,Female,60108,663,27369,Student,Single,Renter,3,9,15,Yes
ID_0988,25/10/1975,,27967,677,17864,Unemployed,Divorced,Owner,0,16,7,Yes
ID_0989,22/05/1991,Male,31871,822,22614,Unemployed,Widowed,Renter,4,12,22,Yes
ID_0990,20/06/1973,Female,97452,495,47894,Employed,Divorced,Renter,4,16,26,Yes
ID_0991,02/04/1985,Female,94270,397,15613,Employed,Widowed,Renter,2,17,27,No
ID_0992,13/06/1963,Female,53613,321,6447,Student,Widowed,Owner,4,12,7,Yes
ID_0993,06/06/1971,Female,48179,749,5499,Employed,Widowed,Renter,0,16,12,Yes
ID_0994,01/12/1993,Female,72188,471,39041,Retired,Single,Renter,2,14,25,Yes
ID_0995,16/03/2003,Male,75099,682,31315,Student,Divorced,Renter,1,11,13,No
ID_0996,17/08/1979,,55262,,1299,Unemployed,Widowed,Renter,4,9,10,Yes
ID_0997,10/10/1967,Female,98213,725,39469,Unemployed,Married,Renter,3,12,5,Yes
ID_0998,03/04/1962,Male,38268,324,4994,Retired,Divorced,,0,10,15,No
ID_0999,02/05/1986,Male,97866,802,29878,Employed,Married,Renter,,2,22,No
ID_1000,02/04/1964,Female,80545,484,15627,Student,Single,Renter,4,21,24,Yes
